NAME,URL
A & M Febcon,https://www.moneycontrol.com/india/stockpricequote/miscellaneous/amfebcon/F03
A and M Jumbo B,https://www.moneycontrol.com/india/stockpricequote/miscellaneous/amjumbobags/JB03
A B Infrabuild,https://www.moneycontrol.com/india/stockpricequote/infrastructuregeneral/abinfrabuild/I07
A F Ent,https://www.moneycontrol.com/india/stockpricequote/miscellaneous/afenterprises/AFE01
A G Universal,https://www.moneycontrol.com/india/stockpricequote/trading/aguniversal/U02
A K S Credits,https://www.moneycontrol.com/india/stockpricequote/financeleasinghirepurchase/akscredits/AKS
A K Spintex,https://www.moneycontrol.com/india/stockpricequote/miscellaneous/akspintex/AKS01
A P T Yarns,https://www.moneycontrol.com/india/stockpricequote/textilesspinningcottonblended/aptyarns/APT01
A-1 Acid ,https://www.moneycontrol.com/india/stockpricequote/chemicals/a1acid/AA14
A.K.Capital Ser,https://www.moneycontrol.com/india/stockpricequote/financegeneral/akcapitalservices/AKC01
A2Z Infra Eng,https://www.moneycontrol.com/india/stockpricequote/powertransmissionequipment/a2zinfraengineering/AME02
AA Plus,https://www.moneycontrol.com/india/stockpricequote/aaplus/aaplustradelink/APT03
AAA,https://www.moneycontrol.com/india/stockpricequote/aaa/aaatechnologies/ATL
Aachal Alloys,https://www.moneycontrol.com/india/stockpricequote/steelmediumsmall/aachalalloys/AA
Aadhaar Venture,https://www.moneycontrol.com/india/stockpricequote/financegeneral/aadhaarventuresindia/PI37
Aadi Industries,https://www.moneycontrol.com/india/stockpricequote/aadiindustries/aadiindustries/AI63
aafsgnfgbdfb ef,https://www.moneycontrol.com/india/stockpricequote/aafsgnfgbdfbef/aafsgnfgbdfbefsdvsdvva/AP18
Aagam Capital,https://www.moneycontrol.com/india/stockpricequote/financeleasinghirepurchase/aagamcapital/PC18
Aakar Engg & Mf,https://www.moneycontrol.com/india/stockpricequote/engineering/aakarengineeringmanufacturingcompany/AEM
Aakash Explorat,https://www.moneycontrol.com/india/stockpricequote/engineeringheavy/aakashexplorationservices/AES01
Aamcol Tools,https://www.moneycontrol.com/india/stockpricequote/machinetools/aamcoltools/AT01
Aananda Lakshmi,https://www.moneycontrol.com/india/stockpricequote/aanandalakshmi/aanandalakshmispinningmills/ALS
Aanchal Ispat,https://www.moneycontrol.com/india/stockpricequote/steelspongeiron/aanchalispat/AI36
Aankit Granites,https://www.moneycontrol.com/india/stockpricequote/ceramicsgranite/aankitgranites/AGL
Aapadpdp,https://www.moneycontrol.com/india/stockpricequote/aapadpdp/aapadpdp/DML04
AAR COMMERCIAL ,https://www.moneycontrol.com/india/stockpricequote/textilesgeneral/aarcommercialcompany/AAR
Aarey Drugs,https://www.moneycontrol.com/india/stockpricequote/pharmaceuticals/aareydrugspharmaceuticals/ADP
Aarnav Fashions,https://www.moneycontrol.com/india/stockpricequote/financegeneral/aarnavfashions/KS18
Aaron Industrie,https://www.moneycontrol.com/india/stockpricequote/aaronindustrie/aaronindustries/AI79
Aartech Solonic,https://www.moneycontrol.com/india/stockpricequote/aartechsolonic/aartechsolonics/AS27
Aarti Drugs,https://www.moneycontrol.com/india/stockpricequote/pharmaceuticals/aartidrugs/AD
Aarti Ind,https://www.moneycontrol.com/india/stockpricequote/chemicals/aartiindustries/AI45
Aarti Surfactan,https://www.moneycontrol.com/india/stockpricequote/aartisurfactan/aartisurfactants/ASL08
AARTI-RE,https://www.moneycontrol.com/india/stockpricequote/chemicals/aartisurfactantsre/ASR01
AARTIPHARM,https://www.moneycontrol.com/india/stockpricequote/medicalequipmentsuppliesaccessories/aartipharmalabs/AP21
AARTIPP,https://www.moneycontrol.com/india/stockpricequote/chemicals/aartisurfactantspp/ASP01
Aarvee Denim,https://www.moneycontrol.com/india/stockpricequote/textilesdenim/aarveedenimexports/ADE
Aarvi Encon,https://www.moneycontrol.com/india/stockpricequote/diversified/aarviencon/AE19
Aarya Global,https://www.moneycontrol.com/india/stockpricequote/textileswoollenworsted/aaryaglobalsharessecurities/KIF02
Aasheesh Sec,https://www.moneycontrol.com/india/stockpricequote/financeinvestments/aasheeshsecurities/AS12
Aashka Hospital,https://www.moneycontrol.com/india/stockpricequote/hospitalhealthcareservices/aashkahospitals/AH04
AASTAFIN,https://www.moneycontrol.com/india/stockpricequote/aastafin/aastamangalamfinance/UF01
Aatmaj Health,https://www.moneycontrol.com/india/stockpricequote/hospitalhealthcareservices/aatmajhealthcare/AH11
AAVAS Financier,https://www.moneycontrol.com/india/stockpricequote/financegeneral/aavasfinanciers/AF17
Aayush Food ,https://www.moneycontrol.com/india/stockpricequote/pharmaceuticals/aayushfoodherbs/AFH01
AB Capital,https://www.moneycontrol.com/india/stockpricequote/financeinvestments/adityabirlacapital/ABC9
AB Corp,https://www.moneycontrol.com/india/stockpricequote/abcorp/abcorp/ABC05
AB Cotspin,https://www.moneycontrol.com/india/stockpricequote/textiles/abcotspinindia/ACI01
AB F&R-PP,https://www.moneycontrol.com/india/stockpricequote/retailing/adityabirlafashionretailpp/ABF01
AB Fashion-RE,https://www.moneycontrol.com/india/stockpricequote/retailing/adityabirlafashionretailre/ABF
AB Money,https://www.moneycontrol.com/india/stockpricequote/financegeneral/adityabirlamoney/ABM01
AB Nuvo,https://www.moneycontrol.com/india/stockpricequote/diversified/adityabirlanuvo/ABN01
ABACACV LKNALB,https://www.moneycontrol.com/india/stockpricequote/abacacvlknalb/abacacvlknalb/MAN04
Abacus Computer,https://www.moneycontrol.com/india/stockpricequote/computerssoftwaremediumsmall/abacuscomputers/AC
Aban Offshore,https://www.moneycontrol.com/india/stockpricequote/oildrillingandexploration/abanoffshore/AO04
ABans Enterpris,https://www.moneycontrol.com/india/stockpricequote/trading/abansenterprises/MST03
Abans Holdings,https://www.moneycontrol.com/india/stockpricequote/financenbfc/abansholdings/AH10
ABATE AS IND.,https://www.moneycontrol.com/india/stockpricequote/abateasind/abateasindustries/TI32
ABB India,https://www.moneycontrol.com/india/stockpricequote/infrastructuregeneral/abbindia/ABB
Abbott India,https://www.moneycontrol.com/india/stockpricequote/pharmaceuticals/abbottindia/AI51
ABC Bearings,https://www.moneycontrol.com/india/stockpricequote/bearings/abcbearings/ABC02
ABC Gas,https://www.moneycontrol.com/india/stockpricequote/metalsnonferrous/abcgasinternational/BE05
ABC India,https://www.moneycontrol.com/india/stockpricequote/transportlogistics/abcindia/ABC
Abco Plastic,https://www.moneycontrol.com/india/stockpricequote/plastics/abcoplastics/AP17
Abee Printer,https://www.moneycontrol.com/india/stockpricequote/computershardware/abeeprinterribbons/APR01
Abesc,https://www.moneycontrol.com/india/stockpricequote/abesc/abesc/BI19
ABFRLPP1,https://www.moneycontrol.com/india/stockpricequote/retailing/adityabirlafashionretailpp1/ABF02
ABG Shipyard,https://www.moneycontrol.com/india/stockpricequote/shipping/abgshipyard/ABG01
Abhijit Trading,https://www.moneycontrol.com/india/stockpricequote/miscellaneous/abhijittradingcompany/ATC01
Abhinav Capital,https://www.moneycontrol.com/india/stockpricequote/abhinavcapital/abhinavcapitalservices/ACS04
Abhinav Leasing,https://www.moneycontrol.com/india/stockpricequote/financeleasinghirepurchase/abhinavleasingfinance/ALF03
Abhishek Corp,https://www.moneycontrol.com/india/stockpricequote/textilesspinningcottonblended/abhishekcorporation/AC22
Abhishek Finle,https://www.moneycontrol.com/india/stockpricequote/abhishekfinle/abhishekfinlease/AF32
Abhishek Infra,https://www.moneycontrol.com/india/stockpricequote/infrastructuregeneral/abhishekinfraventures/AI73
Abhishek Integr,https://www.moneycontrol.com/india/stockpricequote/miscellaneous/abhishekintegrations/AI83
Abirami Finance,https://www.moneycontrol.com/india/stockpricequote/financeleasinghirepurchase/abiramifinancialservicesindia/AFS
ABL Biotech,https://www.moneycontrol.com/india/stockpricequote/pharmaceuticals/ablbiotechnologies/ABL
ABM Inter,https://www.moneycontrol.com/india/stockpricequote/miscellaneous/abminternational/ABM02
ABM Knowledg,https://www.moneycontrol.com/india/stockpricequote/computerssoftwaremediumsmall/abmknowledgeware/ABM
ABN Granites,https://www.moneycontrol.com/india/stockpricequote/ceramicsgranite/abngranites/ABN
ABN Intercorp,https://www.moneycontrol.com/india/stockpricequote/abnintercorp/abnintercorpltd/AIL06
Abner Pharma,https://www.moneycontrol.com/india/stockpricequote/pharmaceuticals/abnerpharma/AP01
ABSL AMC,https://www.moneycontrol.com/india/stockpricequote/financeinvestment/adityabirlasunlifeamc/ABS
ABSL N50 ETF,https://www.moneycontrol.com/india/stockpricequote/absln50etf/adityabirlasunlifenifty50etf/BSL03
ABSL NHETF,https://www.moneycontrol.com/india/stockpricequote/etf/adityabirlasunlifeniftyhealthcareetf/ABS02
ABSL Silver ETF,https://www.moneycontrol.com/india/stockpricequote/abslsilveretf/adityabirlasunlifesilveretf/ABS04
ABSLLIQUID,https://www.moneycontrol.com/india/stockpricequote/miscellaneous/abslliquid/ABSLL14518
ABSLNBANKETF,https://www.moneycontrol.com/india/stockpricequote/abslnbanketf/adityabirlasunlifeniftybanketf/ABSLB13987
ABSLNN50ET,https://www.moneycontrol.com/india/stockpricequote/abslnn50et/adityabirlasunlifeniftynext50etf/ABSLN7339
ABSLS&PBSESETF,https://www.moneycontrol.com/india/stockpricequote/abslspbsesetf/adityabirlasunlifespbsesensexetf/ABS01
ACC,https://www.moneycontrol.com/india/stockpricequote/cementmajor/acc/ACC06
ACCEDERE,https://www.moneycontrol.com/india/stockpricequote/computerssoftwaremediumsmall/accedere/EM01
Accel,https://www.moneycontrol.com/india/stockpricequote/computershardware/accel/AT17
Acceleratebs,https://www.moneycontrol.com/india/stockpricequote/software/acceleratebsindia/AI86
Accelya,https://www.moneycontrol.com/india/stockpricequote/computerssoftwaremediumsmall/accelyasolutionsindia/KAL
Accent Micro,https://www.moneycontrol.com/india/stockpricequote/miscellaneous/accentmicrocell/AML06
Accentia Techno,https://www.moneycontrol.com/india/stockpricequote/computerssoftwaremediumsmall/accentiatechnologies/AT19
Acclaim Ind,https://www.moneycontrol.com/india/stockpricequote/packaging/acclaimindustries/EP12
Accord Synergy,https://www.moneycontrol.com/india/stockpricequote/telecommunicationsservice/accordsynergy/AS22
Accuracy Shippi,https://www.moneycontrol.com/india/stockpricequote/shipping/accuracyshipping/AS26
Accurate Exp,https://www.moneycontrol.com/india/stockpricequote/trading/accurateexports/AE12
Accurate Transf,https://www.moneycontrol.com/india/stockpricequote/electricequipment/accuratetransformers/ATL03
ACE Edutrend,https://www.moneycontrol.com/india/stockpricequote/diversified/aceedutrend/AIF
ACE ENG,https://www.moneycontrol.com/india/stockpricequote/aceeng/aceengitech/PSF
ACE Integrated,https://www.moneycontrol.com/india/stockpricequote/misccommercialservices/aceintegratedsolutions/AIS
Ace Labs,https://www.moneycontrol.com/india/stockpricequote/pharmaceuticals/acelaboratories/AL01
Ace Men Engg Wo,https://www.moneycontrol.com/india/stockpricequote/trading/acemenenggworkslimited/AME03
Ace Soft Export,https://www.moneycontrol.com/india/stockpricequote/computerssoftwaremediumsmall/acesoftwareexports/ASE02
Ace Software,https://www.moneycontrol.com/india/stockpricequote/computerssoftwaremediumsmall/acesoftware/AS23
Ace Stonecraft ,https://www.moneycontrol.com/india/stockpricequote/ceramicsgranite/acestonecraft/ASL02
Ace Tours,https://www.moneycontrol.com/india/stockpricequote/miscellaneous/acetoursworldwide/ATW
Acewin Agriteck,https://www.moneycontrol.com/india/stockpricequote/miscellaneous/acewinagriteck/INE02
ACGL,https://www.moneycontrol.com/india/stockpricequote/acgl/automobilecorpgoaacgl/ACG
Achal Invest,https://www.moneycontrol.com/india/stockpricequote/financeinvestments/achalinvestments/AI68
Achyut Health,https://www.moneycontrol.com/india/stockpricequote/miscellaneous/achyuthealthcare/AH09
ACI Infocom,https://www.moneycontrol.com/india/stockpricequote/computershardware/aciinfocom/ACI07
ACIL Cotton Ind,https://www.moneycontrol.com/india/stockpricequote/textilesspinningcottonblended/acilcottonindustries/ACI14
Acjlascadb svdj,https://www.moneycontrol.com/india/stockpricequote/acjlascadbsvdj/acjlascadbsvdj/BCI04
ACJSCB ANAN,https://www.moneycontrol.com/india/stockpricequote/diversified/acjscbanan/GG04
Acknit Industri,https://www.moneycontrol.com/india/stockpricequote/textileshosieryknitwear/acknitindustriesltd/AK
Acmasnvadn dcnd,https://www.moneycontrol.com/india/stockpricequote/acmasnvadndcnd/acmasnvadndcnd/CI16
Acme Fluoro Pol,https://www.moneycontrol.com/india/stockpricequote/miscellaneous/acmefluoropolymers/AFP01
Acme Industries,https://www.moneycontrol.com/india/stockpricequote/steelmediumsmall/acmeindustries/AI02
Acme Resources,https://www.moneycontrol.com/india/stockpricequote/financeinvestments/acmeresources/AR9
Acme Spinners,https://www.moneycontrol.com/india/stockpricequote/textilesspinningcottonblended/acmespinners/ASL01
Acquaint Export,https://www.moneycontrol.com/india/stockpricequote/aquaculture/acquaintexports/AE
Acropetal Tech,https://www.moneycontrol.com/india/stockpricequote/computerssoftware/acropetaltechnologies/AT21
Acrow India,https://www.moneycontrol.com/india/stockpricequote/constructioncontractingcivil/acrowindia/AI03
ACS TECHNOLOGIE,https://www.moneycontrol.com/india/stockpricequote/acstechnologie/acstechnologies/LNP
Acscmsdvnsdvin,https://www.moneycontrol.com/india/stockpricequote/sugar/acscmsdvnsdvinananiaspcmaso/PSI01
Action Const,https://www.moneycontrol.com/india/stockpricequote/engineeringheavy/actionconstructionequipment/ACE3
Action Financia,https://www.moneycontrol.com/india/stockpricequote/financeinvestments/actionfinancialservicesindia/AFS01
Active Clothing,https://www.moneycontrol.com/india/stockpricequote/miscellaneous/activeclothingcoltd/ACC
Acumen Trading ,https://www.moneycontrol.com/india/stockpricequote/financeinvestments/acumentradinginvestments/ATI01
Ad Manum Fin,https://www.moneycontrol.com/india/stockpricequote/financeleasinghirepurchase/admanumfinance/AMF01
Adam Comsof,https://www.moneycontrol.com/india/stockpricequote/computerssoftwaremediumsmall/adamcomsof/AC01
Adani Energy,https://www.moneycontrol.com/india/stockpricequote/powertransmissionequipment/adanienergysolutions/AT22
Adani Ent PP,https://www.moneycontrol.com/india/stockpricequote/trading/adanienterprisespartlypaidup/AEP
Adani Enterpris,https://www.moneycontrol.com/india/stockpricequote/trading/adanienterprises/AE13
Adani Green Ene,https://www.moneycontrol.com/india/stockpricequote/powergenerationdistribution/adanigreenenergylimited/ADANI54145
Adani Ports,https://www.moneycontrol.com/india/stockpricequote/infrastructuregeneral/adaniportsspecialeconomiczone/MPS
Adani Power,https://www.moneycontrol.com/india/stockpricequote/powergenerationdistribution/adanipower/AP11
Adani Total Gas,https://www.moneycontrol.com/india/stockpricequote/adanitotalgas/adanitotalgas/ADG01
Adani Wilmar,https://www.moneycontrol.com/india/stockpricequote/consumerfood/adaniwilmar/AW
Adarsh Chemical,https://www.moneycontrol.com/india/stockpricequote/fertilisers/adarshchemicalsfertilisers/ACF
Adarsh Mercant,https://www.moneycontrol.com/india/stockpricequote/miscellaneous/adarshmercantile/AM12
Adarsh Plant,https://www.moneycontrol.com/india/stockpricequote/adarshplant/adarshplantationprojects/APP01
ADC India Comm,https://www.moneycontrol.com/india/stockpricequote/telecommunicationsequipment/adcindiacommunications/KC07
Adcon Capital,https://www.moneycontrol.com/india/stockpricequote/adconcapital/adconcapitalservices/ACS06
ADCON-RE,https://www.moneycontrol.com/india/stockpricequote/financeinvestment/adconcapitalservicesre/ACS02
ADCONPP ,https://www.moneycontrol.com/india/stockpricequote/financeinvestment/adconcapitalservicespp/ACS07
Add-Life Pharma,https://www.moneycontrol.com/india/stockpricequote/pharmaceuticals/addlifepharma/ALP
Add-Shop Promot,https://www.moneycontrol.com/india/stockpricequote/addshoppromot/addshoppromotions/AP12
Addi Industries,https://www.moneycontrol.com/india/stockpricequote/textileshosieryknitwear/addiindustries/AI05
Addictive Learn,https://www.moneycontrol.com/india/stockpricequote/addictivelearn/addictivelearningtechnology/ALTL
Adel Visi,https://www.moneycontrol.com/india/stockpricequote/miscellaneous/adelvisi/AV01
Adeshwar Medite,https://www.moneycontrol.com/india/stockpricequote/medicalequipmentsuppliesaccessories/adeshwarmeditex/AM10
ADF Foods,https://www.moneycontrol.com/india/stockpricequote/foodprocessing/adffoodsindustries/AF30
Adharshila Cap,https://www.moneycontrol.com/india/stockpricequote/banksprivatesector/adharshilacapitalservices/ACS05
Adhbhut Infra,https://www.moneycontrol.com/india/stockpricequote/adhbhutinfra/adhbhutinfrastructure/AI71
Adhiraj Distrib,https://www.moneycontrol.com/india/stockpricequote/adhirajdistrib/adhirajdistributorsltd/ADL01
Adhunik Metalik,https://www.moneycontrol.com/india/stockpricequote/steelspongeiron/adhunikmetaliks/AM9
Adhunik Synth,https://www.moneycontrol.com/india/stockpricequote/textilesweaving/adhuniksynthetics/AS
Adhunik Yarns,https://www.moneycontrol.com/india/stockpricequote/textilesprocessing/adhunikyarns/AY
Adinath Bio-Lab,https://www.moneycontrol.com/india/stockpricequote/pharmaceuticals/adinathbiolabs/ABL02
Adinath Exim,https://www.moneycontrol.com/india/stockpricequote/financeinvestments/adinatheximresources/AER
ADINATH TEXTILE,https://www.moneycontrol.com/india/stockpricequote/textilesspinningsyntheticblended/adinathtextiles/AT02
Adishakti Loha,https://www.moneycontrol.com/india/stockpricequote/ironsteel/adishaktilohaispat/ALI05
Adithya Alkaloi,https://www.moneycontrol.com/india/stockpricequote/pharmaceuticals/adithyaalkaloids/AAL
Adithya Aqua,https://www.moneycontrol.com/india/stockpricequote/aquaculture/adithyaaquaculture/AAC03
Aditri Industri,https://www.moneycontrol.com/india/stockpricequote/textilesreadymadeapparels/aditriindustries/AC02
Aditya Birla Ch,https://www.moneycontrol.com/india/stockpricequote/chemicals/adityabirlachemicals/ABC08
Aditya Birla F,https://www.moneycontrol.com/india/stockpricequote/retail/adityabirlafashionretail/PFR
Aditya Consumer,https://www.moneycontrol.com/india/stockpricequote/retail/adityaconsumermarketing/ACM01
Aditya Electro,https://www.moneycontrol.com/india/stockpricequote/electricals/adityaelectrocommunications/AEC02
Aditya Exports ,https://www.moneycontrol.com/india/stockpricequote/miscellaneous/adityaexports/AEL01
Aditya Forge,https://www.moneycontrol.com/india/stockpricequote/castingsforgings/adityaforge/AF
Aditya Int,https://www.moneycontrol.com/india/stockpricequote/trading/adityainternational/AI37
Aditya Ispat,https://www.moneycontrol.com/india/stockpricequote/steelmediumsmall/adityaispat/AI06
Aditya Lime,https://www.moneycontrol.com/india/stockpricequote/chemicals/adityalimeindustries/ALI01
Aditya Mills,https://www.moneycontrol.com/india/stockpricequote/diversified/adityamills/AML01
Aditya Polymers,https://www.moneycontrol.com/india/stockpricequote/packaging/adityapolymers/APL02
Aditya Spinners,https://www.moneycontrol.com/india/stockpricequote/textilesspinningsyntheticblended/adityaspinners/AS01
Aditya Vision,https://www.moneycontrol.com/india/stockpricequote/miscellaneous/adityavision/AV
Adjia Tech,https://www.moneycontrol.com/india/stockpricequote/software/adjiatechnologies/AT24
Adline Chem Lab,https://www.moneycontrol.com/india/stockpricequote/adlinechemlab/adlinechemlab/KL
adncadpinc,https://www.moneycontrol.com/india/stockpricequote/adncadpinc/akcbabc/MM05
Ador Fontech,https://www.moneycontrol.com/india/stockpricequote/electrodesgraphite/adorfontech/AF22
Ador Multi,https://www.moneycontrol.com/india/stockpricequote/personalcare/adormultiproducts/AM01
Ador Powertron,https://www.moneycontrol.com/india/stockpricequote/miscellaneous/adorpowertron/AP25
Ador Technopak,https://www.moneycontrol.com/india/stockpricequote/packaging/adortechnopak/AT11
Ador Welding,https://www.moneycontrol.com/india/stockpricequote/electrodesgraphite/adorwelding/AW01
Adroit Infotech,https://www.moneycontrol.com/india/stockpricequote/computerssoftware/adroitinfotech/CC22
ADS Diagnostic ,https://www.moneycontrol.com/india/stockpricequote/hospitalsmedicalservices/adsdiagnostic/ADS
Advait Infratec,https://www.moneycontrol.com/india/stockpricequote/constructioninfrastructure/advaitinfratechlimited/AIL05
Advance Bio-Coa,https://www.moneycontrol.com/india/stockpricequote/miscellaneous/advancebiocoalindia/ABC04
Advance Life,https://www.moneycontrol.com/india/stockpricequote/textilesspinningcottonblended/advancelifestyles/AAM
Advance Meter,https://www.moneycontrol.com/india/stockpricequote/powergenerationdistribution/advancemeteringtechnology/AMT
Advance Multi,https://www.moneycontrol.com/india/stockpricequote/rubber/advancemultitech/AM02
Advance Petro,https://www.moneycontrol.com/india/stockpricequote/detergents/advancepetrochemicals/AP02
Advance Power,https://www.moneycontrol.com/india/stockpricequote/financeinvestments/advancepowerinfratech/MF05
Advance Syntex ,https://www.moneycontrol.com/india/stockpricequote/miscellaneous/advancesyntex/AS08
Advanced Enzyme,https://www.moneycontrol.com/india/stockpricequote/pharmaceuticals/advancedenzymetechnologies/AET
Advanced Micron,https://www.moneycontrol.com/india/stockpricequote/hospitalsmedicalservices/advancedmicronicdevices/AMD
Advani Hotels,https://www.moneycontrol.com/india/stockpricequote/hotels/advanihotelsresortsindia/AHR
Advanta,https://www.moneycontrol.com/india/stockpricequote/miscellaneous/advanta/AI39
Advent Computer,https://www.moneycontrol.com/india/stockpricequote/computerssoftwaremediumsmall/adventcomputerservices/ACS01
Advik Capital ,https://www.moneycontrol.com/india/stockpricequote/financeinvestments/advikcapital/AIL04
Advik Labors,https://www.moneycontrol.com/india/stockpricequote/pharmaceuticals/adviklaboratories/AL07
ADVIKCA-RE,https://www.moneycontrol.com/india/stockpricequote/financeinvestment/advikcapitalre/ACR
AEC Enterprises,https://www.moneycontrol.com/india/stockpricequote/miscellaneous/aecenterprises/AEC
AEC India,https://www.moneycontrol.com/india/stockpricequote/constructioncontractingcivil/aecindia/AEC01
Aegis Logistics,https://www.moneycontrol.com/india/stockpricequote/transportlogistics/aegislogistics/AL9
Aeonian Pub,https://www.moneycontrol.com/india/stockpricequote/financeinvestments/aeonianinvestments/AI07
Aeroflex Ind.,https://www.moneycontrol.com/india/stockpricequote/engineeringindustrialequipments/aeroflexindustries/AI87
Aerpace Ind.,https://www.moneycontrol.com/india/stockpricequote/aerpaceind/aerpaceindustries/ICV01
AERPACE-RE,https://www.moneycontrol.com/india/stockpricequote/aerpacere/aerpaceindustriesre/AIR01
Aesculapius Rem,https://www.moneycontrol.com/india/stockpricequote/pharmaceuticals/aesculapiusremedies/AR05
Aether Ind,https://www.moneycontrol.com/india/stockpricequote/specialitychemicals/aetherindustries/AI84
AFEL-RE,https://www.moneycontrol.com/india/stockpricequote/miscellaneous/afenterprisesre/ER04
Affle India,https://www.moneycontrol.com/india/stockpricequote/affleindia/affleindia/AI82
Affordable Robo,https://www.moneycontrol.com/india/stockpricequote/engineering/affordableroboticautomation/ARA
AFL,https://www.moneycontrol.com/india/stockpricequote/miscellaneous/arvindfashionslimited/ARVIN54248
Aftek,https://www.moneycontrol.com/india/stockpricequote/computerssoftwaremediumsmall/aftek/A14
Agarwal Float,https://www.moneycontrol.com/india/stockpricequote/trading/agarwalfloatglassindia/AFG
Agarwal Fortune,https://www.moneycontrol.com/india/stockpricequote/agarwalfortune/agarwalfortuneindia/DLF01
Agarwal Ind,https://www.moneycontrol.com/india/stockpricequote/transportlogistics/agarwalindustrialcorporation/AIC03
AGI Greenpac,https://www.moneycontrol.com/india/stockpricequote/agigreenpac/agigreenpac/HSI02
AGI Infra,https://www.moneycontrol.com/india/stockpricequote/constructioncontractingcivil/agiinfra/AI43
Agio Paper,https://www.moneycontrol.com/india/stockpricequote/paper/agiopaperindustries/API08
Agni Green,https://www.moneycontrol.com/india/stockpricequote/renewables/agnigreenpower/AGP
Agri Marine Exp,https://www.moneycontrol.com/india/stockpricequote/aquaculture/agrimarineexports/AME01
Agri-Tech,https://www.moneycontrol.com/india/stockpricequote/fertilisers/agritechindia/ATI02
Agrimas Chem,https://www.moneycontrol.com/india/stockpricequote/pesticidesagrochemicals/agrimaschemicals/ACL04
Agrimony Comm,https://www.moneycontrol.com/india/stockpricequote/trading/agrimonycommodities/AC11
Agritech Hatch,https://www.moneycontrol.com/india/stockpricequote/miscellaneous/agritechhatcheriesfoods/AHF
Agro Chem Punj,https://www.moneycontrol.com/india/stockpricequote/fertilisers/agrochempunjab/ACP01
Agro Dutch Ind,https://www.moneycontrol.com/india/stockpricequote/foodprocessing/agrodutchindustries/ADI02
Agro Phos India,https://www.moneycontrol.com/india/stockpricequote/diversified/agrophosindia/API
Agro Tech Foods,https://www.moneycontrol.com/india/stockpricequote/edibleoilssolventextraction/agrotechfoods/ATF
AGS Infotech,https://www.moneycontrol.com/india/stockpricequote/computerssoftware/agsinfotech/AGS02
AGS Transact,https://www.moneycontrol.com/india/stockpricequote/onlineservices/agstransacttechnologies/ATT
Ahasolar Tech,https://www.moneycontrol.com/india/stockpricequote/software/ahasolartechnologies/AT28
AHDVBCH,https://www.moneycontrol.com/india/stockpricequote/miscellaneous/ahdvbch/SCAPD17
Ahimsa Ind,https://www.moneycontrol.com/india/stockpricequote/plastics/ahimsaindustries/AI44
Ahlada Engineer,https://www.moneycontrol.com/india/stockpricequote/ahladaengineer/ahladaengineers/AE21
Ahlcon Parent,https://www.moneycontrol.com/india/stockpricequote/pharmaceuticals/ahlconparenteralindia/API01
Ahluwalia,https://www.moneycontrol.com/india/stockpricequote/constructioncontractingcivil/ahluwaliacontractsindia/ACI12
Ahmedabad St,https://www.moneycontrol.com/india/stockpricequote/steelrolling/ahmedabadstellcr/AS02
Ahura Weld,https://www.moneycontrol.com/india/stockpricequote/electrodesgraphite/ahuraweldingelecmfg/AWE
AI Champdany,https://www.moneycontrol.com/india/stockpricequote/miscellaneous/aichampdanyindustries/AIC02
AIA Engineering,https://www.moneycontrol.com/india/stockpricequote/castingsforgings/aiaengineering/AIE01
AIH,https://www.moneycontrol.com/india/stockpricequote/miscellaneous/ambassadorintraholdings/AIHL54252
AIK Pipes,https://www.moneycontrol.com/india/stockpricequote/miscellaneous/aikpipesandpolymers/APA
Aikyam Intellec,https://www.moneycontrol.com/india/stockpricequote/packaging/aikyamintellectualpropertyconsultancy/MPU
Aimco Pesticide,https://www.moneycontrol.com/india/stockpricequote/pesticidesagrochemicals/aimcopesticides/AP03
AION-TECH,https://www.moneycontrol.com/india/stockpricequote/computerssoftwaremediumsmall/aiontechsolutions/GT04
Air Command,https://www.moneycontrol.com/india/stockpricequote/consumergoodswhitegoods/aircommandindia/ACI02
Air Command Tec,https://www.moneycontrol.com/india/stockpricequote/consumergoodswhitegoods/aircommandtechnologies/ACT
Airan,https://www.moneycontrol.com/india/stockpricequote/airan/airan/A09
Airo Lam,https://www.moneycontrol.com/india/stockpricequote/miscellaneous/airolam/AL08
AJ Brothers,https://www.moneycontrol.com/india/stockpricequote/aluminium/ajbrothers/AJB
Ajanta Pharma,https://www.moneycontrol.com/india/stockpricequote/pharmaceuticals/ajantapharma/AP22
Ajanta Soya,https://www.moneycontrol.com/india/stockpricequote/vanaspatioils/ajantasoya/AS03
Ajanta Tubes,https://www.moneycontrol.com/india/stockpricequote/steeltubespipes/ajantatubes/AT03
Ajbcjsbc lvnsdj,https://www.moneycontrol.com/india/stockpricequote/ajbcjsbclvnsdj/ajbcjsbclvnsdjv/NGIL541418
Ajcon Global,https://www.moneycontrol.com/india/stockpricequote/financeinvestments/ajconglobal/AG01
AJEL,https://www.moneycontrol.com/india/stockpricequote/computerssoftwaremediumsmall/ajel/AI64
Ajmera Realty,https://www.moneycontrol.com/india/stockpricequote/constructioncontractingrealestate/ajmerarealtyinfraindia/ARI03
Ajooni Biotech,https://www.moneycontrol.com/india/stockpricequote/diversified/ajoonibiotechltd/ABL01
AJOONI-RE,https://www.moneycontrol.com/india/stockpricequote/diversified/ajoonibiotechre/ABR
AJR Infra & Tol,https://www.moneycontrol.com/india/stockpricequote/constructioncontractingcivil/ajrinfratolling/GIP01
Ajwa Fun World,https://www.moneycontrol.com/india/stockpricequote/miscellaneous/ajwafunworldresort/AFW
Akai Impex,https://www.moneycontrol.com/india/stockpricequote/trading/akaiimpex/AI09
Akanksha Power,https://www.moneycontrol.com/india/stockpricequote/transmissiontowersequipments/akankshapowerinfrastructure/API02
Akar Auto Indus,https://www.moneycontrol.com/india/stockpricequote/castingsforgings/akarautoindustries/AT04
Akar Laminators,https://www.moneycontrol.com/india/stockpricequote/packaging/akarlaminators/AL03
Akash Agencies,https://www.moneycontrol.com/india/stockpricequote/financeinvestments/akashagencies/AA11
Akash Agro Ind,https://www.moneycontrol.com/india/stockpricequote/edibleoilssolventextraction/akashagroindustries/AAI
Akash Housing,https://www.moneycontrol.com/india/stockpricequote/constructioncontractinghousing/akashhousing/AH03
Akash Infraproj,https://www.moneycontrol.com/india/stockpricequote/miscellaneous/akashinfraprojects/AI76
AKC Synthetics,https://www.moneycontrol.com/india/stockpricequote/textilesweaving/akcsynthetics/AKC
AKG Acoustics,https://www.moneycontrol.com/india/stockpricequote/electricals/akgacousticsindia/AKG
AKG Exim,https://www.moneycontrol.com/india/stockpricequote/akgexim/akgexim/AE20
Akg Exim RE,https://www.moneycontrol.com/india/stockpricequote/miscellaneous/akgeximre/AER02
Akhil Ceramics ,https://www.moneycontrol.com/india/stockpricequote/ceramicsgranite/akhilceramics/ACL01
AKI India,https://www.moneycontrol.com/india/stockpricequote/akiindia/akiindia/AI80
AKM Lace & Embr,https://www.moneycontrol.com/india/stockpricequote/textilesgeneral/akmlaceembrotex/ALE
AKM Lace and Em,https://www.moneycontrol.com/india/stockpricequote/miscellaneous/akmlaceembrotex/AKM
Aksh Optifibre,https://www.moneycontrol.com/india/stockpricequote/cablestelephone/akshoptifibre/AO03
Akshar Spintex,https://www.moneycontrol.com/india/stockpricequote/textilesgeneral/aksharspintex/ASL
AksharChem,https://www.moneycontrol.com/india/stockpricequote/dyespigments/aksharchemindia/AI29
Akshay Software,https://www.moneycontrol.com/india/stockpricequote/computerssoftwaremediumsmall/akshaysoftware/AS21
Akzo Nobel,https://www.moneycontrol.com/india/stockpricequote/paintsvarnishes/akzonobelindia/ICI
Akzo Nobel Chem,https://www.moneycontrol.com/india/stockpricequote/petrochemicals/akzonobelchemicalsindia/ANC
Al-Amanat Finan,https://www.moneycontrol.com/india/stockpricequote/financeinvestments/alamanatfinanceandcapitalservices/AAF02
Alacrity Elec,https://www.moneycontrol.com/india/stockpricequote/electricals/alacrityelectronics/AE02
Alacrity Housin,https://www.moneycontrol.com/india/stockpricequote/constructioncontractinghousing/alacrityhousing/AH01
Alacrity Sec,https://www.moneycontrol.com/india/stockpricequote/financegeneral/alacritysecurities/AS04
Alan Scott Ind.,https://www.moneycontrol.com/india/stockpricequote/alanscottind/alanscottindustries/ASI04
ALAN-RE,https://www.moneycontrol.com/india/stockpricequote/miscellaneous/alanscottindustriesre/ASI05
Alang Ind Gases,https://www.moneycontrol.com/india/stockpricequote/chemicals/alangindustriesgases/AIG
Alang Marine,https://www.moneycontrol.com/india/stockpricequote/shipping/alangmarine/AM03
Alankit,https://www.moneycontrol.com/india/stockpricequote/miscellaneous/alankit/EGJ
Albert David,https://www.moneycontrol.com/india/stockpricequote/pharmaceuticals/albertdavid/AD01
Alchemie Organi,https://www.moneycontrol.com/india/stockpricequote/pesticidesagrochemicals/alchemieorganics/AO01
Alchemist,https://www.moneycontrol.com/india/stockpricequote/miscellaneous/alchemist/A12
Alchemist Corp,https://www.moneycontrol.com/india/stockpricequote/alchemistcorp/alchemistcorporation/AC23
Alchemist Real,https://www.moneycontrol.com/india/stockpricequote/constructioncontractingrealestate/alchemistrealty/AR08
Alcobex Metals,https://www.moneycontrol.com/india/stockpricequote/metalsnonferrous/alcoblexmetals/AM04
Alembic,https://www.moneycontrol.com/india/stockpricequote/pharmaceuticals/alembic/A08
Alembic Glass,https://www.moneycontrol.com/india/stockpricequote/glassglassproducts/alembicglassindustries/AGI
Alembic Pharma,https://www.moneycontrol.com/india/stockpricequote/pharmaceuticals/alembicpharmaceuticals/AP35
Alert Petrogas,https://www.moneycontrol.com/india/stockpricequote/miscellaneous/alertpetrogas/AP04
Alexander Stamp,https://www.moneycontrol.com/india/stockpricequote/financeinvestments/alexanderstampsandcoin/JLF
Alexcon Extr,https://www.moneycontrol.com/india/stockpricequote/aluminium/alexconextrusions/AE03
Alexcon Foam,https://www.moneycontrol.com/india/stockpricequote/castingsforgings/alexconfoamcast/AF04
Alfa Exports,https://www.moneycontrol.com/india/stockpricequote/chemicals/alfaexportstechnologies/AET01
Alfa ICA,https://www.moneycontrol.com/india/stockpricequote/miscellaneous/alfaicaindia/AIC
Alfa Laval,https://www.moneycontrol.com/india/stockpricequote/engineeringheavy/alfalavalindia/ALI02
Alfa Transforme,https://www.moneycontrol.com/india/stockpricequote/electricequipment/alfatransformer/AT06
Alfavision Sec,https://www.moneycontrol.com/india/stockpricequote/financeleasinghirepurchase/alfavisionsecuritiesfinance/ASF
Alfred Herbert,https://www.moneycontrol.com/india/stockpricequote/engineering/alfredherbertindia/AHI
Algoquant Finte,https://www.moneycontrol.com/india/stockpricequote/algoquantfinte/algoquantfintech/HET01
Alicon Castallo,https://www.moneycontrol.com/india/stockpricequote/castingsforgings/aliconcastalloy/EC06
Alka Diamond,https://www.moneycontrol.com/india/stockpricequote/diamondcuttingjewellerypreciousmetals/alkadiamondindustries/ADI01
Alka India,https://www.moneycontrol.com/india/stockpricequote/textilesspinningcottonblended/alkaindia/AI52
Alka Secur,https://www.moneycontrol.com/india/stockpricequote/financegeneral/alkasecurities/AS17
Alkali Metals,https://www.moneycontrol.com/india/stockpricequote/chemicals/alkalimetals/AM11
Alkem Lab,https://www.moneycontrol.com/india/stockpricequote/pharmaceuticals/alkemlaboratories/AL05
Alkosign,https://www.moneycontrol.com/india/stockpricequote/miscellaneous/alkosign/A20
Alkyl Amines,https://www.moneycontrol.com/india/stockpricequote/chemicals/alkylamineschemicals/AAC
All E Technolog,https://www.moneycontrol.com/india/stockpricequote/software/alletechnologies/AT26
All Metal Proc,https://www.moneycontrol.com/india/stockpricequote/steelcrhrstrips/allmetalprocessindustries/AMP
Allahabad Bank,https://www.moneycontrol.com/india/stockpricequote/bankspublicsector/allahabadbank/AB15
Allcargo,https://www.moneycontrol.com/india/stockpricequote/transportlogistics/allcargologistics/AGL02
Allcargo Gati,https://www.moneycontrol.com/india/stockpricequote/allcargogati/allcargogati/G04
Allcargo Termin,https://www.moneycontrol.com/india/stockpricequote/groundfreightlogisticsservices/allcargoterminals/AT29
Alliance Capita,https://www.moneycontrol.com/india/stockpricequote/financeleasinghirepurchase/alliancecapitalfinancialservices/ACF01
Alliance Credit,https://www.moneycontrol.com/india/stockpricequote/financeinvestments/alliancecreditinvestments/ACI03
Alliance Funds,https://www.moneycontrol.com/india/stockpricequote/financeinvestments/alliancefundsmanagement/AFM
Alliance Integ,https://www.moneycontrol.com/india/stockpricequote/steelspongeiron/allianceintegratedmetaliks/AIM
Allied Computer,https://www.moneycontrol.com/india/stockpricequote/computerssoftwaremediumsmall/alliedcomputersinternationalasia/ACI13
Allied Digital,https://www.moneycontrol.com/india/stockpricequote/computerssoftwaremediumsmall/allieddigitalservices/ADS01
Allied Resins,https://www.moneycontrol.com/india/stockpricequote/chemicals/alliedresinschemicals/ARC
ALLSEC Tech,https://www.moneycontrol.com/india/stockpricequote/computerssoftwaremediumsmall/allsectechnologies/ALL01
Allsoft Corp,https://www.moneycontrol.com/india/stockpricequote/computerssoftwaremediumsmall/allsoftcorporation/AC17
Almondz Global,https://www.moneycontrol.com/india/stockpricequote/financeinvestments/almondzglobalsecurities/AGS
Alna Trading,https://www.moneycontrol.com/india/stockpricequote/miscellaneous/alnatradingexports/ATE03
Alok Industries,https://www.moneycontrol.com/india/stockpricequote/textilesweaving/alokindustries/AI54
Alora Trading ,https://www.moneycontrol.com/india/stockpricequote/trading/aloratradingcompanylimited/ATC03
Alp Exports,https://www.moneycontrol.com/india/stockpricequote/leatherproducts/alpexports/AE04
Alpa Labs,https://www.moneycontrol.com/india/stockpricequote/pharmaceuticals/alpalaboratories/AL11
Alpha Drugs,https://www.moneycontrol.com/india/stockpricequote/pharmaceuticals/alphadrugsindia/ADI
Alpha Graphic,https://www.moneycontrol.com/india/stockpricequote/miscellaneous/alphagraphicindia/AGI03
Alpha Hi-Tech,https://www.moneycontrol.com/india/stockpricequote/miscellaneous/alphahitechfuel/AHT
ALPHAETF,https://www.moneycontrol.com/india/stockpricequote/miscellaneous/alphaetf/ALPHA19640
Alphageo,https://www.moneycontrol.com/india/stockpricequote/oildrillingandexploration/alphageoindia/AI10
Alphalogic Ind,https://www.moneycontrol.com/india/stockpricequote/engineeringindustrialequipments/alphalogicindustries/AI85
Alphalogic Tech,https://www.moneycontrol.com/india/stockpricequote/alphalogictech/alphalogictechsys/AT23
Alpic Finance,https://www.moneycontrol.com/india/stockpricequote/financeinvestments/alpicfinance/AF05
Alpine Capital,https://www.moneycontrol.com/india/stockpricequote/financeinvestments/alpinecapitalservices/ACS
Alpine Hsg,https://www.moneycontrol.com/india/stockpricequote/constructioncontractinghousing/alpinehousingdevcorp/AHD
Alpine Ind,https://www.moneycontrol.com/india/stockpricequote/edibleoilssolventextraction/alpineindustries/AI11
Alps Industries,https://www.moneycontrol.com/india/stockpricequote/textilesgeneral/alpsindustries/AI12
Alps Infosys,https://www.moneycontrol.com/india/stockpricequote/computerssoftwaremediumsmall/alpsinfosys/AI42
Alps Labs,https://www.moneycontrol.com/india/stockpricequote/pharmaceuticals/alpslaboratories/AL04
Alps Motor Fin,https://www.moneycontrol.com/india/stockpricequote/financegeneral/alpsmotorfinance/AMF03
Alsa Construct,https://www.moneycontrol.com/india/stockpricequote/constructioncontractingcivil/alsaconstructionshousing/ACH
Alsa Marine,https://www.moneycontrol.com/india/stockpricequote/aquaculture/alsamarineharvests/AMH
Alstone Text,https://www.moneycontrol.com/india/stockpricequote/alstonetext/alstonetextiles/SH14
Altos India,https://www.moneycontrol.com/india/stockpricequote/computershardware/altosindia/AI13
Alufluoride,https://www.moneycontrol.com/india/stockpricequote/chemicals/alufluoride/A01
Alumilite Archi,https://www.moneycontrol.com/india/stockpricequote/infrastructuregeneral/alumilitearchitecturals/AA15
Alumilite Archi,https://www.moneycontrol.com/india/stockpricequote/infrastructuregeneral/alumilitearchitecturals/AA16
Alumilite Archi,https://www.moneycontrol.com/india/stockpricequote/alumilitearchi/alumilitearchitecturalsltd/AAL01
Aluminium Ind,https://www.moneycontrol.com/india/stockpricequote/aluminium/aluminiumindustries/AIL
Amajin Agro Exp,https://www.moneycontrol.com/india/stockpricequote/foodprocessing/amajinagroexports/AAE
Amal,https://www.moneycontrol.com/india/stockpricequote/dyespigments/amal/AP05
AMAL-RE,https://www.moneycontrol.com/india/stockpricequote/miscellaneous/amalre/AR11
Amalgamated Ele,https://www.moneycontrol.com/india/stockpricequote/financeleasinghirepurchase/amalgamatedelectricity/AE05
Aman Aditya Fin,https://www.moneycontrol.com/india/stockpricequote/financeleasinghirepurchase/amanadityafinancialservices/AAF
Amanaya Venture,https://www.moneycontrol.com/india/stockpricequote/amanayaventure/amanayaventures/AV03
Amar Alcoholi,https://www.moneycontrol.com/india/stockpricequote/breweriesdistilleries/amaralcoholi/AA07
Amar Dye-Chem,https://www.moneycontrol.com/india/stockpricequote/chemicals/amardyechem/ADC
Amar Remedies,https://www.moneycontrol.com/india/stockpricequote/personalcare/amarremedies/AR07
Amar Vanijya,https://www.moneycontrol.com/india/stockpricequote/miscellaneous/amarvanijya/AVL
Amara Raja,https://www.moneycontrol.com/india/stockpricequote/autoancillaries/amararajaenergymobility/ARB
Amarjothi Spin,https://www.moneycontrol.com/india/stockpricequote/textilesspinningcottonblended/amarjothispinningmills/ASM01
Amarnath Sec,https://www.moneycontrol.com/india/stockpricequote/financegeneral/amarnathsecurities/AS25
Amb Cem East,https://www.moneycontrol.com/india/stockpricequote/cementmajor/ambujacementeastern/ACE
Amba Enterprise,https://www.moneycontrol.com/india/stockpricequote/electricequipment/ambaenterprises/AE18
Ambalal Sarabha,https://www.moneycontrol.com/india/stockpricequote/pharmaceuticals/ambalalsarabhaienterprise/ASE
Ambani Organics,https://www.moneycontrol.com/india/stockpricequote/ambaniorganics/ambaniorganics/AO
Ambe Hotel,https://www.moneycontrol.com/india/stockpricequote/hotels/ambehotelresorts/AHR02
Amber Enterpris,https://www.moneycontrol.com/india/stockpricequote/miscellaneous/amberenterprisesindialimited/AEI01
Ambica Agar,https://www.moneycontrol.com/india/stockpricequote/ambicaagar/ambicaagar/AA9
Ambik Proteins ,https://www.moneycontrol.com/india/stockpricequote/edibleoilssolventextraction/ambikproteins/APL01
Ambika Cotton,https://www.moneycontrol.com/india/stockpricequote/textilesspinningcottonblended/ambikacottonmills/ACM04
Ambika Silk,https://www.moneycontrol.com/india/stockpricequote/textilesprocessing/ambikasilkmillsco/ASM05
Ambition Mica,https://www.moneycontrol.com/india/stockpricequote/miscellaneous/ambitionmica/AM
Ambitious Plast,https://www.moneycontrol.com/india/stockpricequote/plastics/ambitiousplastomac/AP06
Ambo Agritec,https://www.moneycontrol.com/india/stockpricequote/consumerfood/amboagritec/AA17
Ambuja Agro,https://www.moneycontrol.com/india/stockpricequote/edibleoilssolventextraction/ambujaagroindustries/AAI01
Ambuja Cem Raj,https://www.moneycontrol.com/india/stockpricequote/cementmajor/ambujacementrajasthan/ACR01
Ambuja Cements,https://www.moneycontrol.com/india/stockpricequote/cementmajor/ambujacements/AC18
Ambuja Electro,https://www.moneycontrol.com/india/stockpricequote/steelmediumsmall/ambujaelectrocastings/AE06
Ambuja Flour,https://www.moneycontrol.com/india/stockpricequote/foodprocessing/ambujaflourmills/AFM01
Ambuja Shipping,https://www.moneycontrol.com/india/stockpricequote/computerssoftwaremediumsmall/ambujashippingsoftware/ASS
Ambuja Zinc,https://www.moneycontrol.com/india/stockpricequote/miningminerals/ambujazinc/AZ
Amco India,https://www.moneycontrol.com/india/stockpricequote/plastics/amcoindia/AI61
AMD Industries,https://www.moneycontrol.com/india/stockpricequote/packaging/amdindustries/AMD02
AMEI Power,https://www.moneycontrol.com/india/stockpricequote/electricequipment/ameipower/AME
American Paints,https://www.moneycontrol.com/india/stockpricequote/paintsvarnishes/americanpaintsindia/API04
American Remedy,https://www.moneycontrol.com/india/stockpricequote/pharmaceuticals/americanremedies/AR03
AMERISE BIO,https://www.moneycontrol.com/india/stockpricequote/amerisebio/amerisebiosciences/AI53
Amethi Textiles,https://www.moneycontrol.com/india/stockpricequote/textilesspinningcottonblended/amethitextiles/ATL02
Amex Carbonates,https://www.moneycontrol.com/india/stockpricequote/chemicals/amexcarbonateschemicals/ACC01
Ameya Precision,https://www.moneycontrol.com/india/stockpricequote/engineering/ameyaprecisionengineers/APE01
Amforge,https://www.moneycontrol.com/india/stockpricequote/castingsforgings/amforgeindustries/AI14
Ami Computers,https://www.moneycontrol.com/india/stockpricequote/computerssoftwaremediumsmall/amicomputersindia/ACI04
AMI Organics,https://www.moneycontrol.com/india/stockpricequote/specialitychemicals/amiorganics/AO05
Amiable,https://www.moneycontrol.com/india/stockpricequote/logistics/amiablelogisticsindia/ALI06
AMIC Forging,https://www.moneycontrol.com/india/stockpricequote/autoancillariescastingsforgings/amicforging/AFL02
Amigo Exports,https://www.moneycontrol.com/india/stockpricequote/miscellaneous/amigoexports/AE07
Amin Tannery,https://www.moneycontrol.com/india/stockpricequote/leatherproducts/amintannery/AMINT54177
Amines Plast,https://www.moneycontrol.com/india/stockpricequote/chemicals/aminesplasticizers/AP07
Aminex Chemical,https://www.moneycontrol.com/india/stockpricequote/chemicals/aminexchemicals/AC03
Amison Foods,https://www.moneycontrol.com/india/stockpricequote/aquaculture/amisonfoods/AF06
Amit Intern,https://www.moneycontrol.com/india/stockpricequote/textileshosieryknitwear/amitinternational/AI15
Amit Securities,https://www.moneycontrol.com/india/stockpricequote/financegeneral/amitsecurities/AS13
Amit Spinning,https://www.moneycontrol.com/india/stockpricequote/textilesspinningcottonblended/amitspinningindustries/ASI03
AMJ Land ,https://www.moneycontrol.com/india/stockpricequote/paper/amjland/PPP
AML Steel,https://www.moneycontrol.com/india/stockpricequote/miningminerals/amlsteel/AML03
Ammana Bio,https://www.moneycontrol.com/india/stockpricequote/chemicals/ammanabiopharma/ABP
Ampro Products,https://www.moneycontrol.com/india/stockpricequote/foodprocessing/amproproducts/AP08
Amrapali Cap,https://www.moneycontrol.com/india/stockpricequote/financegeneral/amrapalicapitalfinanceservices/ACF05
Amrapali Devlpr,https://www.moneycontrol.com/india/stockpricequote/trading/amrapalidevelopersindia/ADI04
Amrapali Fincap,https://www.moneycontrol.com/india/stockpricequote/financegeneral/amrapalifincap/AF08
Amrapali Ind,https://www.moneycontrol.com/india/stockpricequote/trading/amrapaliindustries/AI16
Amraworld,https://www.moneycontrol.com/india/stockpricequote/amraworld/amraworldagrico/AA13
Amrit Banaspati,https://www.moneycontrol.com/india/stockpricequote/vanaspatioils/amritbanaspaticompany/ABC06
Amrit Corp,https://www.moneycontrol.com/india/stockpricequote/vanaspatioils/amritcorporation/AC20
Amrut Credit,https://www.moneycontrol.com/india/stockpricequote/financeinvestments/amrutcreditcorporation/ACC02
Amrut Ind,https://www.moneycontrol.com/india/stockpricequote/foodprocessing/amrutindustries/AI17
Amrutanjan Heal,https://www.moneycontrol.com/india/stockpricequote/pharmaceuticals/amrutanjanhealthcare/AHC01
AMS POLYMERS,https://www.moneycontrol.com/india/stockpricequote/autoancillaries/amspolymerslimited/SMA02
AMSL,https://www.moneycontrol.com/india/stockpricequote/hospitalsmedicalservices/artemismedicareservices/ARTEM54291
Amsons Apparels,https://www.moneycontrol.com/india/stockpricequote/textilesreadymadeapparels/amsonsapparels/AA09
Amtek Auto,https://www.moneycontrol.com/india/stockpricequote/autoancillaries/amtekauto/AA01
Amzel Auto,https://www.moneycontrol.com/india/stockpricequote/autoancillaries/amzelautomotive/AA03
Anagram Finance,https://www.moneycontrol.com/india/stockpricequote/financeinvestments/anagramfinance/AF07
Anan Drug,https://www.moneycontrol.com/india/stockpricequote/chemicals/anandrugchem/ADC01
Anand Cotspin,https://www.moneycontrol.com/india/stockpricequote/textilesspinningcottonblended/anandcotspin/AC04
Anand Credit,https://www.moneycontrol.com/india/stockpricequote/financeinvestments/anandcredit/AC14
Anand Projects,https://www.moneycontrol.com/india/stockpricequote/powergenerationdistribution/anandprojects/AES
Anand Rathi,https://www.moneycontrol.com/india/stockpricequote/financeinvestment/anandrathiwealth/ARW
Anand Rayons,https://www.moneycontrol.com/india/stockpricequote/textilesprocessing/anandrayons/AR09
Anant Raj,https://www.moneycontrol.com/india/stockpricequote/anantraj/anantraj/ARI
Anco Comm,https://www.moneycontrol.com/india/stockpricequote/telecommunicationsequipment/ancocommunications/AC05
Ancsoco on,https://www.moneycontrol.com/india/stockpricequote/ancsocoon/ancsocoon/KAR01
Andhra Bank,https://www.moneycontrol.com/india/stockpricequote/bankspublicsector/andhrabank/AB14
Andhra Cement,https://www.moneycontrol.com/india/stockpricequote/cementmajor/andhracement/AC16
Andhra Paper,https://www.moneycontrol.com/india/stockpricequote/paper/andhrapaperlimited/APP
Andhra Petro,https://www.moneycontrol.com/india/stockpricequote/chemicals/andhrapetro/AP09
Andhra Pradesh ,https://www.moneycontrol.com/india/stockpricequote/auto23wheelers/andhrapradeshscooters/APS01
Andhra Sinter,https://www.moneycontrol.com/india/stockpricequote/autoancillaries/andhrasinter/ASL07
Andhra Valley,https://www.moneycontrol.com/india/stockpricequote/powergenerationdistribution/andhravalleypowersupplyco/AVP
ANDHRSUGAR,https://www.moneycontrol.com/india/stockpricequote/andhrsugar/theandhrasugar/AS18
Andjdvb csdjncn,https://www.moneycontrol.com/india/stockpricequote/andjdvbcsdjncn/andjdvbcsdjncn/JCI01
Andrew Yule,https://www.moneycontrol.com/india/stockpricequote/trading/andrewyulecompany/AYC
Aneri Fincap,https://www.moneycontrol.com/india/stockpricequote/financeleasinghirepurchase/anerifincap/FI02
ANG Industries,https://www.moneycontrol.com/india/stockpricequote/autoancillaries/angindustries/ANG
ANG Lifescience,https://www.moneycontrol.com/india/stockpricequote/pharmaceuticals/anglifesciencesindia/ALI
Angel Fibers,https://www.moneycontrol.com/india/stockpricequote/textilescottonblended/angelfibers/AF10
Angel One,https://www.moneycontrol.com/india/stockpricequote/angelone/angelone/ABL03
ANI Integrated ,https://www.moneycontrol.com/india/stockpricequote/engineering/aniintegratedservices/AIS02
Anik Industries,https://www.moneycontrol.com/india/stockpricequote/edibleoilssolventextraction/anikindustries/AI57
Anik Ship,https://www.moneycontrol.com/india/stockpricequote/shipping/anikshipbreakingindustries/ASB
Anik Ship Break,https://www.moneycontrol.com/india/stockpricequote/miscellaneous/anikshipbreakingindustries/ASB01
Anik Steels,https://www.moneycontrol.com/india/stockpricequote/steelmediumsmall/aniksteels/AS05
Anil,https://www.moneycontrol.com/india/stockpricequote/miscellaneous/anil/AP33
Anil Special,https://www.moneycontrol.com/india/stockpricequote/steelcrhrstrips/anilspecialsteelindustries/AI26
Anjani Finance,https://www.moneycontrol.com/india/stockpricequote/financeleasinghirepurchase/anjanifinance/AF28
Anjani Foods,https://www.moneycontrol.com/india/stockpricequote/anjanifoods/anjanifoods/RFI
Anjani Portland,https://www.moneycontrol.com/india/stockpricequote/anjaniportland/anjaniportlandcement/APC
Anjani Solvents,https://www.moneycontrol.com/india/stockpricequote/edibleoilssolventextraction/anjanisolventsindia/ASI02
Anjani Synth,https://www.moneycontrol.com/india/stockpricequote/textilesprocessing/anjanisynthetics/AS06
Anka Ind,https://www.moneycontrol.com/india/stockpricequote/plastics/ankaindia/AI41
Ankit Metal,https://www.moneycontrol.com/india/stockpricequote/steelspongeiron/ankitmetalpower/AMa
Ankit Yarns,https://www.moneycontrol.com/india/stockpricequote/textilesspinningsyntheticblended/ankityarns/AY01
Ankuj Zinc-Oxid,https://www.moneycontrol.com/india/stockpricequote/chemicals/ankujzincoxide/AZO
Ankur Drugs,https://www.moneycontrol.com/india/stockpricequote/pharmaceuticals/ankurdrugspharma/ADP01
Ankush Finstock,https://www.moneycontrol.com/india/stockpricequote/financeleasinghirepurchase/ankushfinstock/AF23
Anlon Tech,https://www.moneycontrol.com/india/stockpricequote/engineering/anlontechnologysolutions/ATS01
Anmol Dairy,https://www.moneycontrol.com/india/stockpricequote/foodprocessing/anmoldairy/AD02
Anmol Drugs,https://www.moneycontrol.com/india/stockpricequote/pharmaceuticals/anmoldrugspharmaceuticals/ADP02
Anmol India,https://www.moneycontrol.com/india/stockpricequote/miscellaneous/anmolindia/AI81
Anna Finance,https://www.moneycontrol.com/india/stockpricequote/constructioncontractingrealestate/annafinance/AFL
Annapurna Foils,https://www.moneycontrol.com/india/stockpricequote/aluminium/annapurnafoils/AF11
Annapurna Swa,https://www.moneycontrol.com/india/stockpricequote/consumerfood/annapurnaswadisht/AS28
ANS Industries,https://www.moneycontrol.com/india/stockpricequote/ansindustries/ansindustries/ANS
Ansal Buildwell,https://www.moneycontrol.com/india/stockpricequote/constructioncontractinghousing/ansalbuildwell/AB11
Ansal Housing,https://www.moneycontrol.com/india/stockpricequote/constructioncontractinghousing/ansalhousing/AHC
Ansal Propertie,https://www.moneycontrol.com/india/stockpricequote/constructioncontractinghousing/ansalpropertiesinfrastructure/API07
Anshuni Com,https://www.moneycontrol.com/india/stockpricequote/diamondcuttingjewellerypreciousmetals/anshunicommercial/AC06
Antarctica,https://www.moneycontrol.com/india/stockpricequote/printingstationery/antarctica/A16
Antony Waste,https://www.moneycontrol.com/india/stockpricequote/miscellaneous/antonywastehandlingcell/AWH
Anugraha Wood,https://www.moneycontrol.com/india/stockpricequote/miscellaneous/anugrahawoodproducts/AWP
Anuh Pharma,https://www.moneycontrol.com/india/stockpricequote/pharmaceuticals/anuhpharma/AP10
Anukaran Commer,https://www.moneycontrol.com/india/stockpricequote/trading/anukarancommercialenterprises/ACE01
Anup Eng,https://www.moneycontrol.com/india/stockpricequote/anupeng/theanupengineering/ANUP54246
Anup Malleables,https://www.moneycontrol.com/india/stockpricequote/castingsforgings/anupmalleables/AML02
Anupam Finserv ,https://www.moneycontrol.com/india/stockpricequote/financeinvestments/anupamfinserv/VCS
Anupam Rasayan,https://www.moneycontrol.com/india/stockpricequote/specialitychemicals/anupamrasayanindia/ARI02
Anupama Steel,https://www.moneycontrol.com/india/stockpricequote/steelmediumsmall/anupamasteel/ASL06
Anuroop RE,https://www.moneycontrol.com/india/stockpricequote/miscellaneous/anurooppackagingre/APR02
Anus Labs,https://www.moneycontrol.com/india/stockpricequote/pharmaceuticals/anuslaboratories/AL12
Anusha Intl,https://www.moneycontrol.com/india/stockpricequote/leatherproducts/anushainternational/AIL03
Anxjljl dadj,https://www.moneycontrol.com/india/stockpricequote/anxjljldadj/anxjljldadj/BTM03
ANZEN,https://www.moneycontrol.com/india/stockpricequote/miscellaneous/anzen/ANZEN11945
Anzen India Ene,https://www.moneycontrol.com/india/stockpricequote/anzenindiaene/anzenindiaenergyyieldplustrust/AIEYPT
Ap Tanneries,https://www.moneycontrol.com/india/stockpricequote/leatherproducts/aptanneries/APT
Apar Ind,https://www.moneycontrol.com/india/stockpricequote/electricequipment/aparindustries/AI40
APCL-RE,https://www.moneycontrol.com/india/stockpricequote/cement/anjaniportlandcementre/APC01
Apcotex Ind,https://www.moneycontrol.com/india/stockpricequote/rubber/apcotexindustries/AI58
Apeejay Tea,https://www.moneycontrol.com/india/stockpricequote/plantationsteacoffee/apeejaytea/AT16
Apex Capital An,https://www.moneycontrol.com/india/stockpricequote/financetermlendinginstitutions/apexcapitalandfinance/AHFL541133
Apex Frozen,https://www.moneycontrol.com/india/stockpricequote/foodprocessing/apexfrozenfoods/AFF
Apis India,https://www.moneycontrol.com/india/stockpricequote/foodprocessing/apisindia/AI65
APL,https://www.moneycontrol.com/india/stockpricequote/apl/anurooppackaginglimited/ANURO54286
APL Apollo,https://www.moneycontrol.com/india/stockpricequote/steeltubespipes/aplapollotubes/BT09
Aplab,https://www.moneycontrol.com/india/stockpricequote/telecommunicationsequipment/aplab/A02
APLAB RE,https://www.moneycontrol.com/india/stockpricequote/telecommunicationequipment/aplabre/AR10
Aplaya Creation,https://www.moneycontrol.com/india/stockpricequote/trading/aplayacreations/TL02
APM Industries,https://www.moneycontrol.com/india/stockpricequote/textilesspinningsyntheticblended/apmindustries/APM
Apollo Finvest,https://www.moneycontrol.com/india/stockpricequote/financeinvestments/apollofinvestindia/AFI
Apollo Hospital,https://www.moneycontrol.com/india/stockpricequote/hospitalsmedicalservices/apollohospitalsenterprises/AHE
Apollo Micro Sy,https://www.moneycontrol.com/india/stockpricequote/apollomicrosy/apollomicrosystems/AMS
Apollo Pipes,https://www.moneycontrol.com/india/stockpricequote/plastics/apollopipes/ALF02
Apollo Sindoori,https://www.moneycontrol.com/india/stockpricequote/apollosindoori/apollosindoorihotels/ASH
Apollo Steel,https://www.moneycontrol.com/india/stockpricequote/steelmediumsmall/apollotubessteelindustries/ATS
Apollo Tricoat ,https://www.moneycontrol.com/india/stockpricequote/trading/apollotricoattubes/PIF03
Apollo Tube,https://www.moneycontrol.com/india/stockpricequote/steelmediumsmall/apollotubes/AT13
Apollo Tyres,https://www.moneycontrol.com/india/stockpricequote/tyres/apollotyres/AT14
Apoorva Leasing,https://www.moneycontrol.com/india/stockpricequote/miscellaneous/apoorvaleasingfinanceinvestmentcompany/ALF04
Apple Amusement,https://www.moneycontrol.com/india/stockpricequote/miscellaneous/appleamusementindustries/AAI02
Apple Credit,https://www.moneycontrol.com/india/stockpricequote/financeleasinghirepurchase/applecreditcorporation/ACC03
Apple Mutual,https://www.moneycontrol.com/india/stockpricequote/financeinvestments/applemutualfund/AMF
Appollo Stones ,https://www.moneycontrol.com/india/stockpricequote/miscellaneous/appollostones/ASL03
APR,https://www.moneycontrol.com/india/stockpricequote/textilesmanmade/apr/APR
APS India,https://www.moneycontrol.com/india/stockpricequote/apsindia/australianpremiumsolarindia/APSIL
APS-Star Ind,https://www.moneycontrol.com/india/stockpricequote/textilesmachinery/apsstarindustries/APS
Apt Packagings,https://www.moneycontrol.com/india/stockpricequote/aptpackagings/aptpackagings/AP34
Aptech,https://www.moneycontrol.com/india/stockpricequote/computerssoftwaretraining/aptech/A11
Aptus Ind,https://www.moneycontrol.com/india/stockpricequote/computerssoftware/aptusindustries/AI66
APTUS VALUE,https://www.moneycontrol.com/india/stockpricequote/financehousing/aptusvaluehousingfinanceindia/AVH
Aqua Logistics,https://www.moneycontrol.com/india/stockpricequote/transportlogistics/aqualogistics/AL14
Aqualand India ,https://www.moneycontrol.com/india/stockpricequote/financeinvestments/aqualandindia/AIL02
Aquamarine Food,https://www.moneycontrol.com/india/stockpricequote/aquaculture/aquamarinefoodproducts/AFP
Arabian Petrole,https://www.moneycontrol.com/india/stockpricequote/lubricants/arabianpetroleum/APL05
Arambhan,https://www.moneycontrol.com/india/stockpricequote/hotels/arambhanhospitality/CBC
Aramusk Infra,https://www.moneycontrol.com/india/stockpricequote/hotels/aramuskinfrastructureinvestments/AII
Aravali Pipes,https://www.moneycontrol.com/india/stockpricequote/plastics/aravaliindia/AI20
Aravali Sec,https://www.moneycontrol.com/india/stockpricequote/financeinvestments/aravalisecuritiesfinance/ASF01
ARC Finance,https://www.moneycontrol.com/india/stockpricequote/financegeneral/arcfinance/ARC01
Arcee Ind,https://www.moneycontrol.com/india/stockpricequote/plastics/arceeindustries/AI21
Arch Pharmalabs,https://www.moneycontrol.com/india/stockpricequote/pharmaceuticals/archpharmalabs/AP30
Archana Soft,https://www.moneycontrol.com/india/stockpricequote/computerssoftwaremediumsmall/archanasoftware/AS20
Archean Chem,https://www.moneycontrol.com/india/stockpricequote/chemicals/archeanchemicalindustries/ACI05
Archidply Decor,https://www.moneycontrol.com/india/stockpricequote/archidplydecor/archidplydecor/ADL
Archidply Ind,https://www.moneycontrol.com/india/stockpricequote/miscellaneous/archidplyindustries/AI
Archies,https://www.moneycontrol.com/india/stockpricequote/printingstationery/archies/A15
Archit Organosy,https://www.moneycontrol.com/india/stockpricequote/chemicals/architorganosys/SCL07
ARCL Organics,https://www.moneycontrol.com/india/stockpricequote/miscellaneous/arclorganics/AO06
Arco Leasing,https://www.moneycontrol.com/india/stockpricequote/financeinvestments/arcoleasing/ALL
Arcotech,https://www.moneycontrol.com/india/stockpricequote/metalsnonferrous/arcotech/A17
Arcuttipore Tea,https://www.moneycontrol.com/india/stockpricequote/plantationsteacoffee/arcuttiporeteacompany/ATC
Ardi Investment,https://www.moneycontrol.com/india/stockpricequote/financeinvestments/ardiinvestmentstradingcompany/AIT02
Arex Industries,https://www.moneycontrol.com/india/stockpricequote/textilesprocessing/arexindustries/AI22
Arfin India,https://www.moneycontrol.com/india/stockpricequote/metalsnonferrous/arfinindia/AI70
Arham Fiscal,https://www.moneycontrol.com/india/stockpricequote/financeinvestments/arhamfiscal/AF24
Arham Tech,https://www.moneycontrol.com/india/stockpricequote/electronicgoods/arhamtechnologies/AT25
Arhant Suede,https://www.moneycontrol.com/india/stockpricequote/miscellaneous/arhantsuede/AS16
Arhat Ind,https://www.moneycontrol.com/india/stockpricequote/textilesprocessing/arhatindustries/AI35
Aries Agro,https://www.moneycontrol.com/india/stockpricequote/fertilisers/ariesagro/AA02
Arihant Academy,https://www.moneycontrol.com/india/stockpricequote/educationalinstitutions/arihantacademy/AA18
Arihant Avenues,https://www.moneycontrol.com/india/stockpricequote/arihantavenues/arihantavenuescredit/AAC02
Arihant Capital,https://www.moneycontrol.com/india/stockpricequote/financeinvestments/arihantcapitalmarkets/ACM02
Arihant Classic,https://www.moneycontrol.com/india/stockpricequote/financeleasinghirepurchase/arihantclassicfinance/ACF04
Arihant Corpora,https://www.moneycontrol.com/india/stockpricequote/trading/arihantcorporation/ACL05
Arihant Cotsyn,https://www.moneycontrol.com/india/stockpricequote/textilesspinningsyntheticblended/arihantcotsyn/AC07
Arihant Enter,https://www.moneycontrol.com/india/stockpricequote/steelspongeiron/arihantenterprises/AE08
Arihant Found,https://www.moneycontrol.com/india/stockpricequote/constructioncontractinghousing/arihantfoundationshousing/AFH
Arihant Ind,https://www.moneycontrol.com/india/stockpricequote/textilesprocessing/arihantindustries/AI23
Arihant Institu,https://www.moneycontrol.com/india/stockpricequote/miscellaneous/arihantinstitute/AI78
Arihant Steel,https://www.moneycontrol.com/india/stockpricequote/steelmediumsmall/arihantsteelalloys/ASA02
Arihant Super,https://www.moneycontrol.com/india/stockpricequote/constructioncontractingrealestate/arihantsuperstructures/SMC07
Arihant Thermo,https://www.moneycontrol.com/india/stockpricequote/plastics/arihantthermoware/AT07
Arihant Threads,https://www.moneycontrol.com/india/stockpricequote/textilesspinningcottonblended/arihantthreads/AT08
Arihants Sec,https://www.moneycontrol.com/india/stockpricequote/financeinvestments/arihantssecurities/AS07
Aris Int,https://www.moneycontrol.com/india/stockpricequote/miscellaneous/arisinternational/AI69
Aristo Bio-Tech,https://www.moneycontrol.com/india/stockpricequote/pesticidesagrochemicals/aristobiotechlifescience/ABL04
Arlabs,https://www.moneycontrol.com/india/stockpricequote/dyespigments/arlabs/A04
Arlem Breweries,https://www.moneycontrol.com/india/stockpricequote/breweriesdistilleries/arlembreweries/AB12
ARM Polymers,https://www.moneycontrol.com/india/stockpricequote/packaging/armpolymers/ARM
Armaan Electric,https://www.moneycontrol.com/india/stockpricequote/computershardware/armaanelectric/AE09
Arman Financial,https://www.moneycontrol.com/india/stockpricequote/financeleasinghirepurchase/armanfinancialservices/AFS04
Arman Holdings,https://www.moneycontrol.com/india/stockpricequote/financeinvestments/armanholdings/AH9
Arnav Corp,https://www.moneycontrol.com/india/stockpricequote/textileshosieryknitwear/arnavcorporation/PFI01
Arnold Holdings,https://www.moneycontrol.com/india/stockpricequote/miscellaneous/arnoldholdings/AH08
Aro Granite,https://www.moneycontrol.com/india/stockpricequote/ceramicsgranite/arograniteindustries/AGI01
Arochem Silvass,https://www.moneycontrol.com/india/stockpricequote/detergents/arochemsilvassa/AS14
Aroni Comm,https://www.moneycontrol.com/india/stockpricequote/financegeneral/aronicommercials/ACI06
Arora Fibres,https://www.moneycontrol.com/india/stockpricequote/textilesmanmade/arorafibres/AF13
Arpan Leasing,https://www.moneycontrol.com/india/stockpricequote/financeinvestments/arpanleasingcompany/ALC01
Arraycom India,https://www.moneycontrol.com/india/stockpricequote/computerssoftwaremediumsmall/arraycomindia/AI46
Arrow Greentech,https://www.moneycontrol.com/india/stockpricequote/plastics/arrowgreentech/ACP
Arrow Textiles,https://www.moneycontrol.com/india/stockpricequote/textilesweaving/arrowtextiles/AT20
Arrowhead,https://www.moneycontrol.com/india/stockpricequote/foodprocessing/arrowheadseperationengineering/ASE01
Arshiya,https://www.moneycontrol.com/india/stockpricequote/transportlogistics/arshiya/AI60
ARSS Infra,https://www.moneycontrol.com/india/stockpricequote/constructioncontractingcivil/arssinfrastructureprojects/AIP
Art Nirman,https://www.moneycontrol.com/india/stockpricequote/constructioncontractingcivil/artnirman/AN
Artech Power,https://www.moneycontrol.com/india/stockpricequote/electricequipment/artechpowerproducts/APP02
Artedz Fabs,https://www.moneycontrol.com/india/stockpricequote/textilescottonblended/artedzfabs/AF26
Artefact,https://www.moneycontrol.com/india/stockpricequote/engineering/artefactprojects/AP32
Artemis Elect,https://www.moneycontrol.com/india/stockpricequote/consumergoodselectronic/artemiselectricalsprojects/AE22
Artemis Global ,https://www.moneycontrol.com/india/stockpricequote/miscellaneous/artemisgloballifescience/AGL03
Arti Agro Indus,https://www.moneycontrol.com/india/stockpricequote/edibleoilssolventextraction/artiagroindustries/AAI06
Artillegenc Bio,https://www.moneycontrol.com/india/stockpricequote/chemicals/artillegencebioinnovations/ABI
Artson Engg,https://www.moneycontrol.com/india/stockpricequote/engineering/artsonengineering/AE10
Arun Mantex,https://www.moneycontrol.com/india/stockpricequote/packaging/arunmantex/AM05
Arun Pipes,https://www.moneycontrol.com/india/stockpricequote/steeltubespipes/arunpipes/AP13
Arun Processors,https://www.moneycontrol.com/india/stockpricequote/textileshosieryknitwear/arunprocessors/AP14
Aruna Hotels,https://www.moneycontrol.com/india/stockpricequote/hotels/arunahotels/AH06
Aruna Hotels RE,https://www.moneycontrol.com/india/stockpricequote/miscellaneous/arunahotelsre/AHR01
ARUNIS ABODE,https://www.moneycontrol.com/india/stockpricequote/financeinvestments/arunisabode/MBP
Arunjyoti Bio,https://www.moneycontrol.com/india/stockpricequote/foodprocessing/arunjyotibioventures/CP02
Arunjyoti Enter,https://www.moneycontrol.com/india/stockpricequote/retail/arunjyotienterprises/AE15
Arunoday Mills,https://www.moneycontrol.com/india/stockpricequote/textilesspinningcottonblended/arunodaymills/AM06
Arvee Laborator,https://www.moneycontrol.com/india/stockpricequote/miscellaneous/arveelaboratoriesltd/AL18
Arvin Liquid,https://www.moneycontrol.com/india/stockpricequote/chemicals/arvinliquidgases/ALG
Arvind,https://www.moneycontrol.com/india/stockpricequote/textilesdenim/arvind/A18
Arvind and Comp,https://www.moneycontrol.com/india/stockpricequote/miscellaneous/arvindcompanyshippingagencies/ACS08
Arvind Fas-RE,https://www.moneycontrol.com/india/stockpricequote/arvindfasre/arvindfashionsre/AFR
Arvind Fash PP,https://www.moneycontrol.com/india/stockpricequote/miscellaneous/arvindfashionspp/AFP03
Arvind Intl,https://www.moneycontrol.com/india/stockpricequote/plastics/arvindinternational/AI24
Arvind Polycot,https://www.moneycontrol.com/india/stockpricequote/textilescompositemills/arvindpolycot/AP15
Arvind Products,https://www.moneycontrol.com/india/stockpricequote/trading/arvindproducts/AP27
Arvind Rashayan,https://www.moneycontrol.com/india/stockpricequote/breweriesdistilleries/arvindrashayanaudyog/ARU
Arvind Remedies,https://www.moneycontrol.com/india/stockpricequote/pharmaceuticals/arvindremedies/AR06
Arvind Smart,https://www.moneycontrol.com/india/stockpricequote/infrastructuregeneral/arvindsmartspaces/AI72
ARVINDF-RE,https://www.moneycontrol.com/india/stockpricequote/miscellaneous/arvindfre/ARVIN19079
Aryaman Cap,https://www.moneycontrol.com/india/stockpricequote/financeinvestments/aryamancapitalmarkets/ACM
Aryaman Fin Ser,https://www.moneycontrol.com/india/stockpricequote/financeleasinghirepurchase/aryamanfinancialservices/AFS02
Aryan Finefab,https://www.moneycontrol.com/india/stockpricequote/textilescompositemills/aryanfinefab/AF14
Aryan Pest,https://www.moneycontrol.com/india/stockpricequote/dyespigments/aryanpesticides/AP20
Aryavan Enter,https://www.moneycontrol.com/india/stockpricequote/steelmediumsmall/aryavanenterprise/DAS02
AS&SBL,https://www.moneycontrol.com/india/stockpricequote/miscellaneous/aryansharestockbrokerslt/ARYAN54217
Asahi Fibres,https://www.moneycontrol.com/india/stockpricequote/textilesspinningcottonblended/asahifibres/AF15
Asahi India,https://www.moneycontrol.com/india/stockpricequote/glassglassproducts/asahiindiaglass/AIG01
Asahi Infra,https://www.moneycontrol.com/india/stockpricequote/constructioncontractinghousing/asahiinfrastructureandprojects/AIA
Asahi Songwon,https://www.moneycontrol.com/india/stockpricequote/dyespigments/asahisongwoncolors/ASC01
Asarfi Hospital,https://www.moneycontrol.com/india/stockpricequote/hospitalhealthcareservices/asarfihospital/AH12
ascaps,https://www.moneycontrol.com/india/stockpricequote/ascaps/ascapssdpocdpcsdpsd/RGI02
ASCASVV,https://www.moneycontrol.com/india/stockpricequote/diversified/dbadifgauidfgiuabckb/RIP03
Ascensive,https://www.moneycontrol.com/india/stockpricequote/educationalinstitutions/ascensiveeducare/AE23
Ascent Exim,https://www.moneycontrol.com/india/stockpricequote/trading/ascenteximindia/ACF02
ASCOM,https://www.moneycontrol.com/india/stockpricequote/miscellaneous/ascom/ASCOM15030
Ascom Leasing,https://www.moneycontrol.com/india/stockpricequote/ascomleasing/ascomleasinginvestments/ALI04
Aseem Global,https://www.moneycontrol.com/india/stockpricequote/trading/aseemglobal/AG02
Asha Agro Ind,https://www.moneycontrol.com/india/stockpricequote/edibleoilssolventextraction/ashaagroindustries/AAI03
Ashapura Intima,https://www.moneycontrol.com/india/stockpricequote/textilesreadymadeapparels/ashapuraintimatesfashion/AIF01
Ashapura Mine,https://www.moneycontrol.com/india/stockpricequote/miningminerals/ashapuraminechem/AM07
Ashapuri Gold,https://www.moneycontrol.com/india/stockpricequote/diamondjewellery/ashapurigoldornament/AGO
Ashari Agencies,https://www.moneycontrol.com/india/stockpricequote/miscellaneous/ashariagencies/AA10
Ashari Properti,https://www.moneycontrol.com/india/stockpricequote/financeleasinghirepurchase/asharipropertiesfinances/APF01
Ashco Niulab,https://www.moneycontrol.com/india/stockpricequote/telecommunicationsequipment/ashconiulabindustries/ANI
Ashiana Agro,https://www.moneycontrol.com/india/stockpricequote/edibleoilssolventextraction/ashianaagroindustries/AAI04
Ashiana Housing,https://www.moneycontrol.com/india/stockpricequote/constructioncontractinghousing/ashianahousing/AH07
Ashiana Ispat,https://www.moneycontrol.com/india/stockpricequote/steelrolling/ashianaispat/AI25
Ashika Credit,https://www.moneycontrol.com/india/stockpricequote/financegeneral/ashikacreditcapital/ACC07
Ashim Invest,https://www.moneycontrol.com/india/stockpricequote/financeinvestments/ashiminvestmentcompany/AI56
Ashima,https://www.moneycontrol.com/india/stockpricequote/textilesspinningcottonblended/ashima/A10
Ashirwad Steel,https://www.moneycontrol.com/india/stockpricequote/steelspongeiron/ashirwadsteelindustries/ASI
AshirwadCapital,https://www.moneycontrol.com/india/stockpricequote/financeleasinghirepurchase/ashirwadcapital/AC09
Ashish Polyplas,https://www.moneycontrol.com/india/stockpricequote/plastics/ashishpolyplast/APL03
Ashnisha Indust,https://www.moneycontrol.com/india/stockpricequote/ashnishaindust/ashnishaindustrieslimited/ASHNI54170
Ashnoor Text,https://www.moneycontrol.com/india/stockpricequote/textileswoollenworsted/ashnoortextilemills/ATM
Ashok Alco-Chem,https://www.moneycontrol.com/india/stockpricequote/chemicals/ashokalcochem/AAC01
Ashok Fashions,https://www.moneycontrol.com/india/stockpricequote/textileshosieryknitwear/ashokfashions/AF16
Ashok Ley Fin,https://www.moneycontrol.com/india/stockpricequote/financeinvestments/ashokleylandfinance/ALF01
Ashok Leyland,https://www.moneycontrol.com/india/stockpricequote/autolcvshcvs/ashokleyland/AL
Ashoka Buildcon,https://www.moneycontrol.com/india/stockpricequote/constructioncontractingcivil/ashokabuildcon/AB
Ashoka Cotseeds,https://www.moneycontrol.com/india/stockpricequote/miscellaneous/ashokacotseeds/ACL07
Ashoka Metcast ,https://www.moneycontrol.com/india/stockpricequote/diversified/ashokametcastlimited/AML04
Ashoka Refinery,https://www.moneycontrol.com/india/stockpricequote/ashokarefinery/ashokarefineries/AR
Ashtavinayak,https://www.moneycontrol.com/india/stockpricequote/mediaentertainment/shreeashtavinayakcinevision/SAC03
Ashutosh Paper ,https://www.moneycontrol.com/india/stockpricequote/paper/ashutoshpapermills/APM03
Asia Capital,https://www.moneycontrol.com/india/stockpricequote/miscellaneous/asiacapital/AC28
Asia Pacific ,https://www.moneycontrol.com/india/stockpricequote/financeinvestments/asiapacificfinancialservices/APF
Asia Pacific In,https://www.moneycontrol.com/india/stockpricequote/financeleasinghirepurchase/asiapacificinvestmenttrust/API03
Asia Pack,https://www.moneycontrol.com/india/stockpricequote/packaging/asiapack/AP16
Asia Refinery,https://www.moneycontrol.com/india/stockpricequote/petrochemicals/asiarefinery/AR01
Asia Threads,https://www.moneycontrol.com/india/stockpricequote/textilesprocessing/asiathreads/AT12
Asiacorp Sec,https://www.moneycontrol.com/india/stockpricequote/printingstationery/asiacorpsecurities/AS09
Asian,https://www.moneycontrol.com/india/stockpricequote/miscellaneous/asianwarehousing/AW02
Asian Agalite,https://www.moneycontrol.com/india/stockpricequote/miningminerals/asianagaliteindia/AAI05
Asian Alloys,https://www.moneycontrol.com/india/stockpricequote/steelmediumsmall/asianalloys/AA05
Asian Bearings,https://www.moneycontrol.com/india/stockpricequote/bearings/asianbearings/AB13
Asian Cables,https://www.moneycontrol.com/india/stockpricequote/electricequipment/asiancablesindustries/ACI10
Asian Closures ,https://www.moneycontrol.com/india/stockpricequote/packaging/asianclosures/ACL
Asian Conso,https://www.moneycontrol.com/india/stockpricequote/trading/asianconsolidatedindustries/ACI09
Asian Consolida,https://www.moneycontrol.com/india/stockpricequote/packaging/asianconsolidatedindustries/ACI11
Asian Electroni,https://www.moneycontrol.com/india/stockpricequote/electricals/asianelectronics/AE11
Asian Energy,https://www.moneycontrol.com/india/stockpricequote/oildrillingandexploration/asianenergyservices/AOS
Asian Fertilize,https://www.moneycontrol.com/india/stockpricequote/fertilisers/asianfertilizers/AF18
Asian Films,https://www.moneycontrol.com/india/stockpricequote/mediaentertainment/asianfilmsproductiondistribution/AFP02
Asian Flora Ltd,https://www.moneycontrol.com/india/stockpricequote/miscellaneous/asianflora/AFL01
ASIAN GRANI RE,https://www.moneycontrol.com/india/stockpricequote/miscellaneous/asiangranitoindiare/AGI05
Asian Granito,https://www.moneycontrol.com/india/stockpricequote/ceramicsgranite/asiangranitoindia/AGI04
Asian Hotel (E),https://www.moneycontrol.com/india/stockpricequote/hotels/asianhotelseast/AHE01
Asian Hotel (W),https://www.moneycontrol.com/india/stockpricequote/hotels/asianhotelswest/AHW
Asian Hotels,https://www.moneycontrol.com/india/stockpricequote/hotels/asianhotelsnorth/AH
Asian Ind Ent,https://www.moneycontrol.com/india/stockpricequote/miscellaneous/asianindustriesenterprises/AIE
Asian Indstl,https://www.moneycontrol.com/india/stockpricequote/engineering/asianindustrial/AI38
Asian Lakto Ind,https://www.moneycontrol.com/india/stockpricequote/foodprocessing/asianlaktoindustries/ALI03
Asian Paints,https://www.moneycontrol.com/india/stockpricequote/paintsvarnishes/asianpaints/AP31
Asian Petro,https://www.moneycontrol.com/india/stockpricequote/asianpetro/asianpetroproductsexports/APE
Asian Star,https://www.moneycontrol.com/india/stockpricequote/diamondcuttingjewellerypreciousmetals/asianstar/AS15
Asian Tea Expo,https://www.moneycontrol.com/india/stockpricequote/plantationsteacoffee/asianteaexports/ATE
Asian Tea RE,https://www.moneycontrol.com/india/stockpricequote/miscellaneous/asianteaexportsre/ATE05
Asian Tractors ,https://www.moneycontrol.com/india/stockpricequote/autotractors/asiantractors/ATL01
Asian Vegpro,https://www.moneycontrol.com/india/stockpricequote/foodprocessing/asianvegproindustries/AVI03
ASIAN-RE1,https://www.moneycontrol.com/india/stockpricequote/ceramicsmarblegranitesanitaryware/asiangranitoindiare1/AGI06
Asiatic Food,https://www.moneycontrol.com/india/stockpricequote/foodprocessing/asiaticfoodexports/AFE
Asiatic Infra,https://www.moneycontrol.com/india/stockpricequote/constructioncontractingcivil/asiaticinfrastructureshelter/AIS01
Asiatic Propert,https://www.moneycontrol.com/india/stockpricequote/constructioncontractinghousing/asiaticproperties/APL
ASIIC,https://www.moneycontrol.com/india/stockpricequote/miscellaneous/aarshyamindiainvestmentcom/AARSH54237
ASIS Logistics,https://www.moneycontrol.com/india/stockpricequote/transportlogistics/asislogistics/P07
Asit C Mehta,https://www.moneycontrol.com/india/stockpricequote/miscellaneous/asitcmehtafinancialservices/ACM05
ASK Auto,https://www.moneycontrol.com/india/stockpricequote/autoancillariesbrakes/askautomotive/AAL02
ASL Industries,https://www.moneycontrol.com/india/stockpricequote/miscellaneous/aslindustries/AI77
Aslo Steel,https://www.moneycontrol.com/india/stockpricequote/steelmediumsmall/aslosteel/AS10
ASM Tech,https://www.moneycontrol.com/india/stockpricequote/computerssoftwaremediumsmall/asmtechnologies/ASM04
ASM Tech PP,https://www.moneycontrol.com/india/stockpricequote/itservicesconsulting/asmtechnologiespartlypaidup/ATP
ASMS,https://www.moneycontrol.com/india/stockpricequote/miscellaneous/asms/ASMS14867
ASMTEC-RE,https://www.moneycontrol.com/india/stockpricequote/itservicesconsulting/asmtechnologiesre/ATR01
Aspinwall,https://www.moneycontrol.com/india/stockpricequote/miscellaneous/aspinwallcompany/AC27
Aspira Pathlab ,https://www.moneycontrol.com/india/stockpricequote/aspirapathlab/aspirapathlabdiagnostics/APD
ASR Agro,https://www.moneycontrol.com/india/stockpricequote/foodprocessing/asragro/ASR
ASRL-RE,https://www.moneycontrol.com/india/stockpricequote/retailing/addshoperetailre/AER01
Assam,https://www.moneycontrol.com/india/stockpricequote/assam/assamentradelimited/ASSAM54291
Assam Company,https://www.moneycontrol.com/india/stockpricequote/plantationsteacoffee/assamcompanyindia/AC12
Assam Petrochem,https://www.moneycontrol.com/india/stockpricequote/petrochemicals/assampetrochemicals/APL04
Assambrook,https://www.moneycontrol.com/india/stockpricequote/plantationsteacoffee/assambrook/A05
Assoc Alcohol,https://www.moneycontrol.com/india/stockpricequote/breweriesdistilleries/associatedalcoholbreweries/AAB
Assoc Business,https://www.moneycontrol.com/india/stockpricequote/financeinvestments/associatedbusinesscredits/ABC03
Assoc Marmo,https://www.moneycontrol.com/india/stockpricequote/ceramicsgranite/associatedmarmogranites/AMG
Assoc Rubber,https://www.moneycontrol.com/india/stockpricequote/rubber/associatedrubberindustries/ARI01
Assoc Stone,https://www.moneycontrol.com/india/stockpricequote/miningminerals/associatedstoneindustrieskotah/ASI01
Associated Cera,https://www.moneycontrol.com/india/stockpricequote/ceramicsgranite/associatedceramics/ACL03
Associated Info,https://www.moneycontrol.com/india/stockpricequote/computerssoftwaremediumsmall/associatedinfotech/AI48
Astec Life,https://www.moneycontrol.com/india/stockpricequote/pharmaceuticals/asteclifesciences/AL13
Aster DM Health,https://www.moneycontrol.com/india/stockpricequote/diversified/asterdmhealthcareltd/ADH
Astra Microwave,https://www.moneycontrol.com/india/stockpricequote/astramicrowave/astramicrowaveproducts/AMP01
Astral Ltd,https://www.moneycontrol.com/india/stockpricequote/plastics/astrallimited/APT02
AstraZeneca,https://www.moneycontrol.com/india/stockpricequote/pharmaceuticals/astrazenecapharma/AZP
Astron Drugs,https://www.moneycontrol.com/india/stockpricequote/pharmaceuticals/astrondrugsindustries/ADI03
Astron Paper & ,https://www.moneycontrol.com/india/stockpricequote/paper/astronpaperboardmillltd/APB
Asutosh Ent,https://www.moneycontrol.com/india/stockpricequote/plantationsteacoffee/asutoshenterprises/AEL
Asya Infosoft,https://www.moneycontrol.com/india/stockpricequote/computerssoftware/asyainfosoft/SHF
Atal,https://www.moneycontrol.com/india/stockpricequote/constructioninfrastructure/atalrealtech/ARL
Atam Valves,https://www.moneycontrol.com/india/stockpricequote/engineeringindustrialequipments/atamvalves/AV02
Atash Ind,https://www.moneycontrol.com/india/stockpricequote/financeinvestments/atashindustries/AI27
Atash Securitie,https://www.moneycontrol.com/india/stockpricequote/financeinvestments/atashsecurities/ASL04
Atcom Tech,https://www.moneycontrol.com/india/stockpricequote/electricals/atcomtechnologies/AT
Atharv Ent,https://www.moneycontrol.com/india/stockpricequote/financeleasinghirepurchase/atharventerprises/AE14
Athena Constr,https://www.moneycontrol.com/india/stockpricequote/constructioncontractinghousing/athenaconstructions/AC21
Athena Finance,https://www.moneycontrol.com/india/stockpricequote/financeinvestments/athenafinancialservices/AFS03
Athena Global,https://www.moneycontrol.com/india/stockpricequote/computerssoftwaremediumsmall/athenaglobaltechnologies/VJIL
Atishay,https://www.moneycontrol.com/india/stockpricequote/computerssoftwaremediumsmall/atishay/AI19
Atlanta Devcon,https://www.moneycontrol.com/india/stockpricequote/leatherproducts/atlantadevcon/SGV
Atlanta Infra,https://www.moneycontrol.com/india/stockpricequote/financeinvestments/atlantainfrastructurefinance/KS
Atlantaa,https://www.moneycontrol.com/india/stockpricequote/atlantaa/atlantaa/A9
Atlantic Spin,https://www.moneycontrol.com/india/stockpricequote/textilesspinningcottonblended/atlanticspinningweavingmills/ASW
Atlas Copco,https://www.moneycontrol.com/india/stockpricequote/compressors/atlascopcoindia/ACI
Atlas Cycles,https://www.moneycontrol.com/india/stockpricequote/miscellaneous/atlascycleindustries/ACI08
Atlas Jewellery,https://www.moneycontrol.com/india/stockpricequote/textileshosieryknitwear/atlasjewelleryindia/GEW
Atlas Soya,https://www.moneycontrol.com/india/stockpricequote/pesticidesagrochemicals/atlassoyaproducts/ASP
Atma Steels,https://www.moneycontrol.com/india/stockpricequote/steelcrhrstrips/atmasteels/AS11
ATN Int,https://www.moneycontrol.com/india/stockpricequote/atnint/atninternational/AI50
ATN Telefilms,https://www.moneycontrol.com/india/stockpricequote/mediaentertainment/atntelefilms/ATN01
Atul,https://www.moneycontrol.com/india/stockpricequote/chemicals/atul/A06
Atul Auto,https://www.moneycontrol.com/india/stockpricequote/auto23wheelers/atulauto/AA08
Atul Glass,https://www.moneycontrol.com/india/stockpricequote/glassglassproducts/atulglassindustries/AGI02
AturiaContinent,https://www.moneycontrol.com/india/stockpricequote/pumps/aturiacontinental/AC13
ATV Projects,https://www.moneycontrol.com/india/stockpricequote/engineeringheavy/atvprojectsindia/ATV
AU Small Financ,https://www.moneycontrol.com/india/stockpricequote/banksprivatesector/ausmallfinancebank/ASF02
Auran Paper,https://www.moneycontrol.com/india/stockpricequote/paper/aurangabadpapermills/APM02
Aurangabad Dist,https://www.moneycontrol.com/india/stockpricequote/miscellaneous/aurangabaddistillery/AD05
AurangabadPaper,https://www.moneycontrol.com/india/stockpricequote/paper/aurangabadpapermills/APM04
Auriferous Aqua,https://www.moneycontrol.com/india/stockpricequote/aquaculture/auriferousaquafarma/AAF01
Aurionpro Solut,https://www.moneycontrol.com/india/stockpricequote/computerssoftwaremediumsmall/aurionprosolutions/PS12
Auro Impex,https://www.moneycontrol.com/india/stockpricequote/chemicals/auroimpexchemicals/AIC01
Auro Labs,https://www.moneycontrol.com/india/stockpricequote/pharmaceuticals/aurolaboratories/AL06
Aurobindo Pharm,https://www.moneycontrol.com/india/stockpricequote/pharmaceuticals/aurobindopharma/AP
Auroknit Export,https://www.moneycontrol.com/india/stockpricequote/textileshosieryknitwear/auroknitexportsindia/AEI
Auroma Coke Ltd,https://www.moneycontrol.com/india/stockpricequote/miningminerals/auromacoke/ACL06
Auromed Ltd,https://www.moneycontrol.com/india/stockpricequote/pharmaceuticals/auromed/AL09
Aurum Proptech,https://www.moneycontrol.com/india/stockpricequote/computerssoftwaremediumsmall/aurumproptech/M19
Aurum Soft,https://www.moneycontrol.com/india/stockpricequote/computerssoftware/aurumsoftsystems/JS05
AURUM-RE,https://www.moneycontrol.com/india/stockpricequote/itservicesconsulting/aurumproptechre/APR03
AURUMPP,https://www.moneycontrol.com/india/stockpricequote/itservicesconsulting/aurumproptechpp/APP04
Ausom Enterp,https://www.moneycontrol.com/india/stockpricequote/financeinvestments/ausomenterprise/CE06
Austin Eng,https://www.moneycontrol.com/india/stockpricequote/bearings/austinengineeringcompany/AEC04
Austral Coke,https://www.moneycontrol.com/india/stockpricequote/miscellaneous/australcokeprojects/ACP02
Authum Inv-RE,https://www.moneycontrol.com/india/stockpricequote/authuminvre/authuminvestmentinfrastructurere/AII02
Authum Invest,https://www.moneycontrol.com/india/stockpricequote/authuminvest/authuminvestmentinfrastucture/AII01
Auto Pins(I),https://www.moneycontrol.com/india/stockpricequote/autoancillaries/autopinsi/API05
Auto Products,https://www.moneycontrol.com/india/stockpricequote/autoancillaries/autoproducts/AP23
Auto Stampings,https://www.moneycontrol.com/india/stockpricequote/autoancillaries/automotivestampingsassemblies/ASA01
Auto Tension,https://www.moneycontrol.com/india/stockpricequote/autoancillaries/autotension/AT10
AUTOBEES,https://www.moneycontrol.com/india/stockpricequote/autobees/nipponindianiftyautoetf/NIN01
Autoline Ind,https://www.moneycontrol.com/india/stockpricequote/autoancillaries/autolineindustries/AI59
Autolite India,https://www.moneycontrol.com/india/stockpricequote/autoancillaries/autoliteindia/AI31
Automobile Prod,https://www.moneycontrol.com/india/stockpricequote/auto23wheelers/automobileproductsindia/API06
Automotive Axle,https://www.moneycontrol.com/india/stockpricequote/autoancillaries/automotiveaxles/AA06
Autopal,https://www.moneycontrol.com/india/stockpricequote/autoancillaries/autopalindustries/AI32
Autoriders Fin,https://www.moneycontrol.com/india/stockpricequote/financeleasinghirepurchase/autoridersfinance/AF20
Autoriders Intl,https://www.moneycontrol.com/india/stockpricequote/transportlogistics/autoridersinternational/AIL01
Avadh Sugar ,https://www.moneycontrol.com/india/stockpricequote/sugar/avadhsugarenergy/ASE03
AVAILABLE FINAN,https://www.moneycontrol.com/india/stockpricequote/availablefinan/availablefinance/FF02
Avalon Tech,https://www.moneycontrol.com/india/stockpricequote/electronicscomponents/avalontechnologies/AT27
Avance Tech,https://www.moneycontrol.com/india/stockpricequote/computerssoftwaremediumsmall/avancetechnologies/AT18
Avantel,https://www.moneycontrol.com/india/stockpricequote/computerssoftwaremediumsmall/avantel/A19
Avanti Feeds,https://www.moneycontrol.com/india/stockpricequote/aquaculture/avantifeeds/AF21
Avasara Finance,https://www.moneycontrol.com/india/stockpricequote/avasarafinance/avasarafinance/TRC
Aveer Foods,https://www.moneycontrol.com/india/stockpricequote/miscellaneous/aveerfoods/AF33
Aventus Buildco,https://www.moneycontrol.com/india/stockpricequote/aventusbuildco/aventusbuildconltd/ABL05
Avenue Supermar,https://www.moneycontrol.com/india/stockpricequote/retail/avenuesupermarts/AS19
Avery India,https://www.moneycontrol.com/india/stockpricequote/engineering/averyindia/AI33
AVG Logistics,https://www.moneycontrol.com/india/stockpricequote/transportlogistics/avglogistics/ALL02
AVI Export,https://www.moneycontrol.com/india/stockpricequote/foodprocessing/aviexportindia/AVI
AVI Industries,https://www.moneycontrol.com/india/stockpricequote/miscellaneous/aviindustries/AVI01
AVI Photochem,https://www.moneycontrol.com/india/stockpricequote/chemicals/aviphotochem/AVI02
AVI Polymers,https://www.moneycontrol.com/india/stockpricequote/avipolymers/avipolymers/AVI04
Avikem Resin,https://www.moneycontrol.com/india/stockpricequote/chemicals/avikemresins/AR02
Aviva Ind,https://www.moneycontrol.com/india/stockpricequote/trading/avivaindustries/AI55
Avon Corp,https://www.moneycontrol.com/india/stockpricequote/engineering/avoncorporation/AC10
Avon Industries,https://www.moneycontrol.com/india/stockpricequote/packaging/avonindustries/AI34
Avon Mercantile,https://www.moneycontrol.com/india/stockpricequote/financeinvestments/avonmercantile/AML
Avonmore Cap,https://www.moneycontrol.com/india/stockpricequote/financeinvestments/avonmorecapitalmanagementservices/AC19
Avro India,https://www.moneycontrol.com/india/stockpricequote/avroindia/avroindia/AM09
AVS World Trade,https://www.moneycontrol.com/india/stockpricequote/miscellaneous/avsworldtrade/AVS01
AVSL Industries,https://www.moneycontrol.com/india/stockpricequote/avslindustries/avslindustries/AI75
AVT Natural,https://www.moneycontrol.com/india/stockpricequote/edibleoilssolventextraction/avtnaturalproducts/AVT02
AVTIL Ent,https://www.moneycontrol.com/india/stockpricequote/financeinvestments/avtilenterprise/AVT01
Awas Ayogen Vit,https://www.moneycontrol.com/india/stockpricequote/financehousing/awasayogenvittnigam/AAV
Axel Polymers,https://www.moneycontrol.com/india/stockpricequote/plastics/axelpolymers/AP24
Axis Bank,https://www.moneycontrol.com/india/stockpricequote/banksprivatesector/axisbank/AB16
Axis Gold ETF,https://www.moneycontrol.com/india/stockpricequote/axisgoldetf/axismutualfundgoldetf/AMF02
AXISBNKETF,https://www.moneycontrol.com/india/stockpricequote/etf/axisniftybanketf/ANB
AXISBPSETF,https://www.moneycontrol.com/india/stockpricequote/axisbpsetf/axisniftyaaabondplussdlapr20265050etf/AMF04
Axiscades Tech,https://www.moneycontrol.com/india/stockpricequote/computerssoftwaremediumsmall/axiscadestechnologies/AXI
AXISCETF,https://www.moneycontrol.com/india/stockpricequote/axiscetf/axisniftyindiaconsumptionetf/ACE02
AXISHCETF,https://www.moneycontrol.com/india/stockpricequote/axishcetf/axisniftyhealthcareetf/AHE02
AXISILVER,https://www.moneycontrol.com/india/stockpricequote/miscellaneous/axisilver/AXISI11193
AXISNIFTY,https://www.moneycontrol.com/india/stockpricequote/axisnifty/axisnifty50etf/AET02
AXISTECETF,https://www.moneycontrol.com/india/stockpricequote/axistecetf/axisniftyitetf/ATE04
Axita Cotton ,https://www.moneycontrol.com/india/stockpricequote/textilescottonblended/axitacotton/AC29
Axon Finance,https://www.moneycontrol.com/india/stockpricequote/computerssoftwaremediumsmall/axonfinance/AI47
AXSENSEX,https://www.moneycontrol.com/india/stockpricequote/miscellaneous/axsensex/AXSEN14742
Axtel Ind,https://www.moneycontrol.com/india/stockpricequote/engineering/axtelindustries/AI62
Ayepee Lamitube,https://www.moneycontrol.com/india/stockpricequote/miscellaneous/ayepeelamitubes/AL10
AYM Syntex,https://www.moneycontrol.com/india/stockpricequote/textilesprocessing/aymsyntex/WS01
Ayoki Mercan,https://www.moneycontrol.com/india/stockpricequote/financeinvestments/ayokimercan/AM08
Azad Eng,https://www.moneycontrol.com/india/stockpricequote/aerospacedefence/azadengineering/AEL02
Aztecsoft,https://www.moneycontrol.com/india/stockpricequote/computerssoftware/aztecsoft/A13
Azure Exim Serv,https://www.moneycontrol.com/india/stockpricequote/edibleoilssolventextraction/azureeximservices/HC09
,
,
